question,source,question_type,evidence,label,question_length,numerical_content,readability_fk,topic_regulation,evidence_length,retrieval_similarity,ambiguity,reasoning_depth,question_length_f,readability_fk_f,evidence_length_f,retrieval_similarity_f,ambiguity_f,reasoning_depth_f,numerical_content_f,topic_regulation_f,type_factual,source_cra,source_osc
Is it difficult not to experience a fear of missing out (FOMO) when considering real estate investment opportunities in Canada?,REDDIT,factual,It's hard not to feel FOMO on real estate investing in Canada.,partially_supported,20,0,14.630000000000003,0,12,0.42588691247075083,4,4,20,14.630000000000003,12,0.42588691247075083,4,4,0,0,1,0,0
Is the individual (dad) aged 55 lacking sufficient funds for retirement?,REDDIT,open_ended,"What matters is your total income at the end of the year that determines your taxes. If your dad deferred CPP and OAS to next year and the $27K was his only income for the year, he’d owe less than $2K rather than the $9k withheld.",partially_supported,11,1,11.91,0,46,0.08656228004514953,4,4,11,11.91,46,0.08656228004514953,4,4,1,0,0,0,0
"Given a savings of approximately CAD 100,000, should the individual opt for purchasing a condo or continue investing?",REDDIT,open_ended,"Recently my parents, who weren't too thrilled with my choice of adventuring (they have always been super good with their money), have suggested that I take some of my savings and buy a Mississauga-area 2 bed/2 bath condo for around 550K (within the next few months).",supported,18,1,13.945882352941176,0,46,0.08367015332300376,4,5,18,13.945882352941176,46,0.08367015332300376,4,5,1,0,0,0,0
What is the fate of individual stocks held within an RRSP upon death?,CRA,factual,"If the annuitant's spouse or common law partner is designated as a beneficiary of the RRSP in the RRSP contract or in the annuitant's will, the income paid to that designated beneficiary is reported in box 18 of a T4RSP slip issued in their name, for the year of payment. For all other designated beneficiaries, or the annuitant's estate if there is no designated beneficiary, the income paid is reported in box 28 of a T4RSP slip issued to each designated beneficiary or the estate, for the year of payment.",contradictory,13,0,5.818461538461541,1,90,0.04476228086862824,1,2,13,5.818461538461541,90,0.04476228086862824,1,2,0,1,1,1,0
"Is moving funds from WealthSimple's managed portfolios (Growth Portfolio-9 for High Risk and Balanced -5 for Medium Risk) into individual ETFs XEQT (High Risk), VGRO, and XGRO (Balanced Risk) a cost-effective decision?",REDDIT,open_ended,Single ETFs like XEQT or VGRO are preferred over managed funds because of their consistent performance and low fees (which your managed account is not).,supported,32,1,16.8025,0,25,0.2162824653082097,2,4,32,16.8025,25,0.2162824653082097,2,4,1,0,0,0,0
"What risks should one consider before investing, specifically focusing on the different types of investment risks?",REDDIT,open_ended,"Liquidity - Is it possible that you will need the funds in the short term, or on short notice? Generally speaking funds potentially needed in <3 years are considered liquid.",supported,16,0,14.250000000000004,0,30,0.0,2,4,16,14.250000000000004,30,0.0,2,4,0,0,0,0,0
What information is important to know about Get Smarter About Trading before making an investment?,REDDIT,factual,Before you would choose to invest in or overweight a stock or sector you should know why you are confident that it will exceed the market's ...,partially_supported,15,0,12.286666666666669,0,27,0.11087655076391695,2,4,15,12.286666666666669,27,0.11087655076391695,2,4,0,0,1,0,0
What are some suitable ETFs that could complement VFV in a portfolio?,REDDIT,open_ended,"Looking to diversify my portfolio as I am pretty heavy VFV, looking for any other ETF’s to get into!",supported,12,0,6.790000000000003,0,19,0.19124013852791943,2,4,12,6.790000000000003,19,0.19124013852791943,2,4,0,0,0,0,0
How does the type of investment advice influence a retail investor?,REDDIT,open_ended,"End results have been a financial plan covering everything from cash-flow, investments, insurance, tax planning, retirement and estate planning. We still run with our self-directed investing accounts and she sells nothing to us other than her advise.",supported,11,0,8.009090909090911,0,37,0.0,2,4,11,8.009090909090911,37,0.0,2,4,0,0,0,0,0
Should I invest in OMERS instead of purchasing XEQT with the same amount of money?,REDDIT,open_ended,"There is no net gain in receiving money as a dividend vs. receiving the same amount as part of the overall value. In fact, some evidence shows that dividends may actually cost more over the long run.",contradictory,15,0,7.566666666666666,0,37,0.04668477069796017,4,5,15,7.566666666666666,37,0.04668477069796017,4,5,0,0,0,0,0
What key points should be considered about the impact of a recession on investments prior to investing?,REDDIT,open_ended,"The last couple big recessions were very good for us, because we kept our jobs. Interest rates plunged, saving us money on mortgage. Gas and natural gas prices dropped, and we were able to buy more stocks at lower prices.",partially_supported,17,0,10.47529411764706,0,40,0.0,2,4,17,10.47529411764706,40,0.0,2,4,0,0,0,0,0
"What does the statement 'You're young, you can tolerate more risk' mean in the context of personal finance and investing?",REDDIT,factual,"Generally speaking, the greater the risk... the greater your potential reward and vice versa.",supported,20,0,9.910000000000004,0,14,0.03856131318893677,2,4,20,9.910000000000004,14,0.03856131318893677,2,4,0,0,1,0,0
Considering using CASH.TO rather than Wealthsimple Cash for temporary savings,REDDIT,open_ended,"I know CASH isn't exactly the same as a savings account, but from what I understand it's pretty low risk and pays monthly. If I need the money, ...",hallucinated,10,0,12.3,0,29,0.20816474157274456,2,4,10,12.3,29,0.20816474157274456,2,4,0,0,0,0,0
What is Wealthsimple's risk tolerance for investment portfolios?,REDDIT,open_ended,"If you answered the risk questions thoughtfully and honestly then the asset allocation is probably suitable for your goals, timeline, knowledge, experience and tolerance for volatility.",supported,8,0,11.130000000000003,0,26,0.1728887142140046,2,2,8,11.130000000000003,26,0.1728887142140046,2,2,0,0,0,0,0
How do trading apps' potential influences on behavior impact retail investors?,REDDIT,open_ended,Virtual trading accounts can curb future losses if you can't quit investing like this ... I read that retail investors are averaging 44% down.,supported,11,0,12.3,0,24,0.18724271969889555,2,4,11,12.3,24,0.18724271969889555,2,4,0,0,0,0,0
Is it advisable to utilize investments for mortgage repayment?,REDDIT,open_ended,"We invested in a house together, and it's been a great decision so far. We've been able to build equity and have a stable place to live. It's also been a great way to save for our future.",hallucinated,9,0,12.831111111111113,0,38,0.0,4,5,9,12.831111111111113,38,0.0,4,5,0,0,0,0,0
What is the impact of research and reports on a retail investor?,REDDIT,factual,"But most retail investors get access to bonds via bond ETFs. If you ... Similarly, Ben Felix cites research that bonds are a drag on long term ...",hallucinated,12,0,6.790000000000003,0,28,0.18495640231592078,2,4,12,6.790000000000003,28,0.18495640231592078,2,4,0,0,1,0,0
Comparing Mutual Funds and Exchange-Traded Funds (ETFs),OSC,open_ended,"Most mutual funds are typically managed by a portfolio manager who takes a hands-on approach to decide which investments the fund holds and typically follow a set of rules around the types of investments they buy and sell to achieve their investment objectives. This means they have the freedom to respond to changes in the market in an attempt to limit losses and pursue opportunities that could allow them to outperform their benchmark. Historically, ETFs were passive investments. Many such ETFs sought to merely replicate the performance of an underlying index. While mutual funds are usually actively managed, this does not mean that all ETFs are passively managed. There are many ETFs that are actively managed.",partially_supported,7,0,6.705000000000002,0,116,0.23999495934286075,2,4,7,6.705000000000002,116,0.23999495934286075,2,4,0,0,0,0,1
Should I Invest in XEQT Permanently?,REDDIT,open_ended,"From everything I've seen, XEQT is international, diversified and quite well-regarded. My question: would it be wiser to just invest all my RRSP and TFSA money in XEQT?",contradictory,6,0,6.416666666666668,0,28,0.2952785568805389,4,4,6,6.416666666666668,28,0.2952785568805389,4,4,0,0,0,0,0
What risks should I consider before investing in why does risk matter in investing?,REDDIT,open_ended,"Consider the risks ... Investing involves risk. It's important to know that in advance, and that long-term investments (stocks, bonds, and index ...",supported,14,0,8.412857142857145,0,23,0.3244055813274334,4,5,14,8.412857142857145,23,0.3244055813274334,4,5,0,0,0,0,0
What is the impact of family and friends on a retail investor in Canada?,REDDIT,factual,TLDR: can your circle of friends have a positive or negative impact on your financial success or is it all up to the individual regardless of ...,hallucinated,14,0,8.412857142857145,0,27,0.22539591557859323,3,4,14,8.412857142857145,27,0.22539591557859323,3,4,0,0,1,0,0
What key information is essential to understand about how annuities function before making an investment?,REDDIT,factual,"Essentially, the retiree who purchased the annuity would be earning less inflation adjusted income in 5-7 years when compared to the retiree who relied on capital gains and dividends.",partially_supported,15,0,13.860000000000003,0,29,0.0,2,4,15,13.860000000000003,29,0.0,2,4,0,0,1,0,0
How to reduce risk in a pension?,REDDIT,open_ended,"One thing to note is how risky your DBP plan sponsor is. The risk of a DBP is borne by the employer so some employers are inherently risky and there's a chance the DBP will be cut (like Sear, Nortel, and Detroit-- which went bankrupt and ended up cutting retiree's pensions).",partially_supported,7,0,2.3114285714285714,0,51,0.03980937507661326,2,4,7,2.3114285714285714,51,0.03980937507661326,2,4,0,0,0,0,0
Should one utilize RRSP and FHSA deductions if there is no outstanding tax liability?,CRA,factual,"Contributions that you make to your first home savings accounts (FHSAs) are generally deductible on your income tax and benefit return for the year of the contribution or a future year, similar to registered retirement savings plan (RRSP) contributions.",hallucinated,14,0,9.255714285714287,1,39,0.08169338014564195,2,4,14,9.255714285714287,39,0.08169338014564195,2,4,0,1,1,1,0
Is it true that BMO now offers commission-free trading for several Exchange-Traded Funds (ETFs)?.,REDDIT,open_ended,Here’s how to qualify for commission-free trading on over 80 ETFs with InvestorLine:,contradictory,14,0,8.350000000000005,0,13,0.3864956930171983,1,1,14,8.350000000000005,13,0.3864956930171983,1,1,0,0,0,0,0
"Which is the best additional ETF to gain more technology exposure, given that XEQT is currently held?",REDDIT,open_ended,I currently invest solely in the XEQT ETF and I was wondering: ... still have diversification which ETF would be a good supplementary option.,supported,17,0,10.47529411764706,0,24,0.25487493529661676,2,4,17,10.47529411764706,24,0.25487493529661676,2,4,0,0,0,0,0
What is the impact of regularly reviewing account statements on a retail investor?,REDDIT,factual,"Another thing which is the account holder's responsibility is to regularly check your statements (paper, or online transaction log) to report any discrepancies or issues promptly.",supported,13,0,12.172307692307694,0,26,0.2835944418125971,2,3,13,12.172307692307694,26,0.2835944418125971,2,3,0,0,1,0,0
Reporting of Foreign Assets by US Stocks,CRA,open_ended,"When is a taxpayer required to file Form T1135, Foreign Income Verification Statement? Form T1135 must be filed on or before the due date of the taxpayer's income tax return or, in the case of a partnership, the due date of the partnership information return, even if the income tax return (or the partnership information return) is not required to be filed.",hallucinated,7,0,5.682857142857145,0,62,0.05975241390648332,2,4,7,5.682857142857145,62,0.05975241390648332,2,4,0,0,0,1,0
"Should I sell my $30,000 Pokemon collection to max out my TFSA (Tax-Free Savings Account) and FHSA (First Home Savings Account)?",CRA,open_ended,"If you contribute more than your available room, you will be taxed on the excess amount.",contradictory,21,1,8.895238095238096,1,16,0.0,2,4,21,8.895238095238096,16,0.0,2,4,1,1,0,1,0
What was the return percentage and the total net asset value of CPP Investments for the third quarter?,CRA,factual,"2023 $66,600 $3,500 $63,100 5.95 $3,754.45 $7,508.90",supported,18,0,8.474444444444444,0,7,0.0,2,2,18,8.474444444444444,7,0.0,2,2,0,0,1,1,0
What key factors should be considered about Individual Pension Plans (IPPs) prior to investment?,REDDIT,open_ended,"As a incorporated professional I have no retirement or pension plan, and I am looking for something that’s lower cost and simple. Ideally I’d like to invest the pension plan in low cost index ETFs. What IPP provider do you recommend and why?",partially_supported,14,0,10.941428571428574,0,43,0.13920870912428132,2,4,14,10.941428571428574,43,0.13920870912428132,2,4,0,0,0,0,0
Advice needed for TFSA Portfolio as RRSP is maxed out.,CRA,open_ended,"TFSA dollar limit Year TFSA dollar limit ALDA dollar limit 2026 $7,000 $180,000",partially_supported,10,0,6.010000000000002,1,13,0.09970978562763042,2,4,10,6.010000000000002,13,0.09970978562763042,2,4,0,1,0,1,0
What are the risks associated with investing in mutual funds?,OSC,factual,"There are a range of reasons why adding mutual funds may make sense for your portfolio. Four main reasons are: ... 3. Ease of buying and selling Mutual funds are widely available through banks, financial planning firms, investment firms, credit unions and trust companies. You can sell your fund units or shares at almost any time if you need to get access to your money. However, keep in mind you may get back less than you invested if you sell when the fund is at a lower value than when you first invested.",hallucinated,10,0,7.190000000000001,0,93,0.1938804855366782,2,4,10,7.190000000000001,93,0.1938804855366782,2,4,0,0,1,0,1
Is there any obligation for a Canadian estate to pay to an IRA (Individual Retirement Account) following the death of a Canadian individual who held US stocks in their portfolio?,CRA,open_ended,"Some costs and liabilities, including any balances owing to the CRA, are paid out of the assets of the estate.",supported,30,0,17.350000000000005,0,20,0.059037178509790594,2,4,30,17.350000000000005,20,0.059037178509790594,2,4,0,0,0,1,0
What is important to know about out-of-country travel medical insurance prior to making an investment?,REDDIT,factual,"However, generally speaking out of province or out of country travel medical insurance should already be included in your benefits if you work for an employer with a decent benefits plan.",contradictory,15,0,11.169411764705881,0,31,0.37807967790848945,2,4,15,11.169411764705881,31,0.37807967790848945,2,4,0,0,1,0,0
What factors related to life events should be considered before making an investment?,REDDIT,open_ended,"Liquidity - Is it possible that you will need the funds in the short term, or on short notice? Income Level and Stability - ...",partially_supported,13,0,11.264615384615386,0,25,0.0,2,4,13,11.264615384615386,25,0.0,2,4,0,0,0,0,0
Should travel expenses be made using Amex Cobalt or Wealthsimple Visa Card?,REDDIT,open_ended,"When traveling outside of Canada, does it ever make sense to use AMEX over that (or any no fx fee card)?",supported,12,0,9.740000000000002,0,21,0.21641424652172886,2,4,12,9.740000000000002,21,0.21641424652172886,2,4,0,0,0,0,0
What impact does a market bubble have on a retail investor?,REDDIT,factual,At this point I feel like i'm over thinking investing and maybe I should just go all in and put 100% into VGRO until the market correction (bubble bursting) then try my luck with individual stocks and or bitcoin.,partially_supported,11,0,6.936363636363637,0,39,0.22644537398659434,2,4,11,6.936363636363637,39,0.22644537398659434,2,4,0,0,1,0,0
What is the impact of growth investment strategies on retail investors?,REDDIT,factual,"There isn't much money in boring index funds, and savvy investors like you don't want to pay ridiculous fees for mutual funds, so banks and brokerages keep coming up with highly profitable investment products.",hallucinated,11,0,9.081818181818182,0,34,0.10561821664564099,2,4,11,9.081818181818182,34,0.10561821664564099,2,4,0,0,1,0,0
Does RBC have high fees for self-directed investing?,REDDIT,open_ended,RBC has insane fees in self-directed investing.,supported,8,0,4.964444444444446,0,7,0.7587768417284784,2,2,8,4.964444444444446,7,0.7587768417284784,2,2,0,0,0,0,0
What are the key differences between Active and Passive investment strategies before making an investment decision in Canada?,REDDIT,factual,Understanding that passive funds out perform active ones there is still a lot of nuance in which specific funds people have their money in when it comes to Canada.,supported,18,0,15.030000000000001,0,29,0.25095709207578465,2,4,18,15.030000000000001,29,0.25095709207578465,2,4,0,0,1,0,0
How should one determine their investment strategy prior to investing?,CRA,open_ended,"To figure out what savings and investments are right for you: identify and prioritize your goals, such as saving for retirement or a down payment for a house set a dollar amount for each goal set a timeframe to reach your goals",supported,10,0,9.55,0,42,0.0,2,4,10,9.55,42,0.0,2,4,0,0,0,1,0
How does loss aversion impact a retail investor?,REDDIT,open_ended,"A lot of people over estimate their risk tolerance, and so when stocks fall they react emotionally, and sell everything to avoid any more losses ...",partially_supported,8,0,8.180000000000003,0,26,0.0,2,4,8,8.180000000000003,26,0.0,2,4,0,0,0,0,0
Millionaire homeowners struggling in retirement due to insufficient savings despite substantial home equity,REDDIT,open_ended,"We exited the housing market, invested our equity and rented a beautiful condo. No regrets. Struggling to keep up with property tax, maintenance ...",partially_supported,13,0,16.710769230769234,0,24,0.17687382378984334,2,4,13,16.710769230769234,24,0.17687382378984334,2,4,0,0,0,0,0
How does the time horizon impact investment goals for a retail investor?,REDDIT,open_ended,"My rule of thumb is that even for a very aggressive investor, no more than 10% of your money per year of time horizon should be in equities. If your goal is 5 years out, you shouldn't have more than 50% equity. Next year, when it's 4 years out, reduce that to 40%.",hallucinated,12,0,8.756666666666668,0,53,0.22021720430102748,2,4,12,8.756666666666668,53,0.22021720430102748,2,4,0,0,0,0,0
What is the impact of budgeting during retirement on a retail investor?,REDDIT,open_ended,"How can I improve my understanding and formulate a more concrete retirement savings agenda for which in turn, I can better budget for more present day expenditures and enjoyment?",supported,12,0,10.723333333333333,0,29,0.07913517219015484,2,4,12,10.723333333333333,29,0.07913517219015484,2,4,0,0,0,0,0
Comparison between VFV and QQC from iShares versus VEQT from Vanguard in terms of return,REDDIT,open_ended,"VEQT is 44.03% VUN (broad us market) 82% of VUN is SP500 (effectively VFV, minor internal balance differences between those 500, but functionally equivalent). What that means is that in a pure VEQT portfolio, you would have 36.1% of your total diversity and holdings in the SP500 companies.",partially_supported,15,0,9.140000000000004,0,48,0.11339371672819404,2,4,15,9.140000000000004,48,0.11339371672819404,2,4,0,0,0,0,0
"Comparing XEQT, VEQT, and QQQ: Which has a better return on investment?",REDDIT,open_ended,VUG and QQQ have had much better returns and an MER that is a fraction the cost of xeqt.,hallucinated,12,0,6.790000000000003,0,19,0.39100927653101636,2,4,12,6.790000000000003,19,0.39100927653101636,2,4,0,0,0,0,0
What is the impact of tracking investing returns on a retail investor?,REDDIT,factual,"2: an interest distribution which is not reinvested does not impact the cost base of the investment, and should therefore not be tracked.",hallucinated,12,0,8.756666666666668,0,23,0.07210300101410302,2,4,12,8.756666666666668,23,0.07210300101410302,2,4,0,0,1,0,0
"Is the S&P 500 a suitable investment option for an individual averse to high risk, given that they have additional funds?",REDDIT,open_ended,"While the S&P 500 edged the others with an 11% annualized return, Canadian equities delivered 10.6% and international equities came in at 10.4%. What’s more, a portfolio that held equal amounts of each, rebalanced annually, did best of all with an annualized return of 11.3% and less volatility.",partially_supported,21,1,11.704761904761906,0,48,0.04388536800575028,2,4,21,11.704761904761906,48,0.04388536800575028,2,4,1,0,0,0,0
Is there a Smart or Recency Bias when investing in VEQT and VFV?,REDDIT,factual,Smart Beta and Recency Bias are two of the main reasons I'd choose XEQT over VEQT.,supported,13,0,4.91076923076923,0,16,0.6154903291768372,2,4,13,4.91076923076923,16,0.6154903291768372,2,4,0,0,1,0,0
"What are the influences of trading apps on investment behavior, specifically nudges prior to investing?",REDDIT,factual,Probably mostly because of the $5 commission for every transaction which adds up if you are day trading.,hallucinated,15,0,13.073333333333338,0,18,0.09992296059458285,2,4,15,13.073333333333338,18,0.09992296059458285,2,4,0,0,1,0,0
Does the VFV dividend match the S&P 500 dividend?,REDDIT,open_ended,"VFV is tracking the S&P500 as closely as possible, but in Canadian dollars.",contradictory,9,1,4.964444444444446,0,13,0.08275065396688758,2,3,9,4.964444444444446,13,0.08275065396688758,2,3,1,0,0,0,0
Should I contribute to a Registered Retirement Savings Plan (RRSP) or not?,CRA,open_ended,"Contributing to an RRSP, PRPP or SPP Services and information Where can you find your RRSP deduction limit How contributions affect your RRSP deduction limit What to do with unused RRSP, PRPP or SPP contributions Excess Contributions How to claim your RRSP, PRPP or SPP contributions on your income tax and benefit return",supported,12,0,9.740000000000002,1,53,0.16537460530305778,4,4,12,9.740000000000002,53,0.16537460530305778,4,4,0,1,0,1,0
How do behavioral biases impact a retail investor during market bubbles?,REDDIT,open_ended,"High prices, high ... to blend in an allocation to real estate just because of behavioral aspects.",partially_supported,11,0,12.3,0,17,0.14997644122309983,2,4,11,12.3,17,0.14997644122309983,2,4,0,0,0,0,0
Is the official Tax-Free Savings Account (TFSA) contribution room for the year 2024 $7000?,CRA,factual,"The annual TFSA dollar limit for 2024 is $7,000.",contradictory,14,1,7.633846153846157,1,9,0.26198047100068256,1,1,14,7.633846153846157,9,0.26198047100068256,1,1,1,1,1,1,0
Our experience opening an FHSA: Yikes,CRA,factual,"Your FHSA participation room in the year you open your first FHSA is $8,000.",supported,6,0,8.383333333333333,1,14,0.24192053111351827,5,5,6,8.383333333333333,14,0.24192053111351827,5,5,0,1,1,1,0
What is the impact of a pension plan on a retail investor?,REDDIT,factual,When I retire in a year my indexed DB pension plan will pay me $112k annually and increasing by about 2.5% per year after that.,partially_supported,12,0,5.806666666666668,0,25,0.27388883149466947,2,4,12,5.806666666666668,25,0.27388883149466947,2,4,0,0,1,0,0
"Is there a debate on high-interest ETFs among Bay Street participants, which have gained popularity among retail investors, leading to a federal review?",REDDIT,open_ended,"The federal banking watchdog has launched a formal review of cash exchange-traded funds, one of Canada’s most popular retail investments, amid a Bay Street spat that stems from surging demand for them.",supported,23,0,15.403333333333332,0,32,0.2766908853974982,2,4,23,15.403333333333332,32,0.2766908853974982,2,4,0,0,0,0,0
"Does home insurance have an impact on the financial investments of a retail investor, and if so, how and why?",REDDIT,open_ended,"the extra payments your putting in, can be put into other investment vehicles or enjoyed. If youre doubling your payments for 10-15 years, you",hallucinated,20,0,9.910000000000004,0,24,0.0,2,4,20,9.910000000000004,24,0.0,2,4,0,0,0,0,0
How does the power of attorney impact a retail investor?,REDDIT,open_ended,As a POA (if the bank were to accept and approve it) you could act only for joint products or on behalf of the POA donor for registered plans ( ...),partially_supported,10,0,8.370000000000001,0,31,0.0,2,4,10,8.370000000000001,31,0.0,2,4,0,0,0,0,0
What is the importance and relevant information to consider about community outreach when making investment decisions?,REDDIT,factual,"These companies are growing fast and new MLM financial services companies are popping up. What is sad is that the agents are trained to sell products that are over priced under performing, 80% of there training consists of recruiting and the other 20% on how to sell there over priced products, they are not well trained at all.",hallucinated,16,0,16.462500000000002,0,58,0.0,4,4,16,16.462500000000002,58,0.0,4,4,0,0,1,0,0
Recommendations for pairing investments with the ETF VFV (iShares S&P/TSX 60 Index)?,REDDIT,open_ended,There are quite a few CAD stocks which follow Vanguard S&P 500. There is VSP which is the CAD-hedged version of the Vanguard S&P 500. There is also VFV which is a fund tracking the S&P 500. There are iShare and a bunch of other companies offering similar funds.,partially_supported,12,1,10.356923076923078,0,49,0.037914853326695315,2,4,12,10.356923076923078,49,0.037914853326695315,2,4,1,0,0,0,0
What is the impact of tracking one's investment returns on a retail investor?,REDDIT,factual,"Essentially I want to know how my investments are doing with a separation of capital gains vs dividends and growth from those vs new contributions. That, I'm assuming, is what any investor would want as a minimum.",supported,13,0,9.44923076923077,0,37,0.04364427615777238,2,4,13,9.44923076923077,37,0.04364427615777238,2,4,0,0,1,0,0
What information should I expect when working with a financial advisor prior to investment?,OSC,open_ended,"You and your advisor will likely fill out a new account application and “know your client” form. You should also discuss: Your goals, so your advisor understands what you want your money to do for you and when. What you expect to earn on your investments. How much risk you’re willing to take. How you’ll work together, including how often you’ll meet. What fees you’ll pay. Next steps. “Know your client” information Your advisor is required by securities law to know your financial situation, investment objectives, knowledge, experience and risk tolerance.",partially_supported,14,0,10.941428571428574,0,91,0.29132019477942483,2,4,14,10.941428571428574,91,0.29132019477942483,2,4,0,0,0,0,1
How does 'Gaming the System' influence a Retail Investor in Online Trading?,REDDIT,open_ended,"It's not even about buy low sell high at this point. It's about understanding that over the long term, that ups and downs in the market DO NOT matter.",hallucinated,12,0,8.756666666666668,0,29,0.0,4,4,12,8.756666666666668,29,0.0,4,4,0,0,0,0,0
What is the impact of the 'Take the Love and Money Quiz' on a retail investor?,REDDIT,factual,"A typical advisor will cost 1%, so on 200k they make 2k off of you each year. This only grows as your investment grows.",hallucinated,16,0,6.137499999999999,0,24,0.0,4,3,16,6.137499999999999,24,0.0,4,3,0,0,1,0,0
"What risks should I consider before investing, specifically concerning the relationship between volatility and investment risk?",REDDIT,open_ended,"Every investment carries some amount of risk, and losses typically cannot be predicted, can happen at any time, and cannot be prevented. Therefore, it is crucial to ensure your investments are risk appropriate, that is: their level of risk matches your financial objectives.",supported,16,0,17.937500000000004,0,43,0.12439744782099421,2,4,16,17.937500000000004,43,0.12439744782099421,2,4,0,0,0,0,0
What factors should be considered about family and friends prior to making investments?,REDDIT,open_ended,"Do you already have an emergency fund, and have you considered whether it is sufficient? Do you have any debts that should be paid first? Have you fully utilized any employer match plans?",hallucinated,13,0,10.356923076923078,0,33,0.07772975319548177,2,4,13,10.356923076923078,33,0.07772975319548177,2,4,0,0,0,0,0
What is a cost-effective and low/no-risk method for converting USD to CAD?,REDDIT,factual,"Perform Norbert's Gambit. Buy DLR.U in USD, journal it to DLR, sell it and the proceeds will be in CAD in the Canadian dollar investment sub",hallucinated,12,0,5.993333333333336,0,26,0.17449429239966752,2,3,12,5.993333333333336,26,0.17449429239966752,2,3,0,0,1,0,0
Does the cash flow of small businesses impact the investments of retail investors?,REDDIT,open_ended,You will pay corporate taxes on the ... small corporation from retaining income inside their businesses and investing those in the market.,partially_supported,13,0,9.44923076923077,0,22,0.2691154051026926,2,4,13,9.44923076923077,22,0.2691154051026926,2,4,0,0,0,0,0
Does Wealthsimple offer a wider bid-ask spread for VEQT compared to XEQT?,REDDIT,open_ended,I've been using Wealthsimple for my TFSA and I've noticed that the bid-ask spread on VEQT is wider than XEQT. I'm not sure if this is a general issue or just a quirk of my account.,supported,12,0,6.726153846153846,0,36,0.47420411386184896,1,2,12,6.726153846153846,36,0.47420411386184896,1,2,0,0,0,0,0
What key points should be considered about research and reports prior to making an investment?,REDDIT,open_ended,"What is your intended goals/purpose for this money? What is your timeline, and what is the earliest you expect to need this money? Have you invested in the markets before, and how would you feel if your investment lost a lot of value? Is this the right first step? Do you already have an emergency fund, and have you considered whether it is sufficient? Do you have any debts that should be paid ...",partially_supported,15,0,9.140000000000004,0,74,0.07199599209585775,2,4,15,9.140000000000004,74,0.07199599209585775,2,4,0,0,0,0,0
Is there any advantage to contributing to an RRSP if one expects to be in a high tax bracket upon retirement?,CRA,open_ended,"The benefit is greatest if a higher-income spouse or common-law partner contributes to an RRSP for a lower-income spouse or common-law partner. The contributor receives the short term benefit of the tax deduction for the contributions and the annuitant, who is likely to be in a lower tax bracket during retirement, receives the income and reports it on their income tax and benefits return",hallucinated,21,0,11.142857142857142,1,64,0.16984816390529084,2,4,21,11.142857142857142,64,0.16984816390529084,2,4,0,1,0,1,0
What is the impact on a retail investor when closing a bank account?,REDDIT,factual,"So after several phone calls and emails, BMO Investorline has advised that if we want to withdraw funds from our account we have 2 options: 1) open a checking account with them and transfer the $$ to our checking account 2) request a paper check to be issued and incur the admin fee for each check issued.",hallucinated,13,0,6.726153846153846,0,57,0.10882138493661102,2,3,13,6.726153846153846,57,0.10882138493661102,2,3,0,0,1,0,0
Is it advisable to purchase the ETF 'VFV' within a Registered Retirement Savings Plan (RRSP) account?,CRA,open_ended,Any income you earn in the RRSP is usually exempt from tax as long as the funds remain in the plan. You generally have to pay tax when you receive payments from the plan.,partially_supported,16,0,12.037500000000005,1,34,0.18191588794087082,2,4,16,12.037500000000005,34,0.18191588794087082,2,4,0,1,0,1,0
Is Wealthsimple's Chequing Account used as a credit card?,REDDIT,open_ended,"It's a prepaid MasterCard, so it's considered a credit card with the vendor POS.",contradictory,9,0,7.58666666666667,0,14,0.30621783775503436,1,1,9,7.58666666666667,14,0.30621783775503436,1,1,0,0,0,0,0
What are the key considerations for prioritizing one's own interests when making investment decisions?,REDDIT,factual,"My goal is to save for a down payment on a starter condo within the next one to two years. To achieve this, I’ve opened three different investment accounts: FHSA, TFSA, and RRSP.",supported,14,0,14.312857142857148,0,33,0.027267531238113363,2,4,14,14.312857142857148,33,0.027267531238113363,2,4,0,0,1,0,0
What impact does 'Take the Stress Out of Budgeting' have on a Retail Investor?,REDDIT,factual,"Edit: the investment/saving target is always hit, it comes out of my account the same day I get paid.",partially_supported,14,0,6.727142857142859,0,19,0.0,4,4,14,6.727142857142859,19,0.0,4,4,0,0,1,0,0
Is it advisable to open a First Home Savings Account (FHSA) if one is not planning on purchasing a home?,CRA,open_ended,"If you do not meet all of the above conditions, you are not a qualifying individual and cannot open an FHSA.",partially_supported,20,0,9.32,1,21,0.23566150750459416,2,4,20,9.32,21,0.23566150750459416,2,4,0,1,0,1,0
What is the impact of checking account operations on a retail investor?,REDDIT,factual,The BMO chequing account I have has a fee of $16.xx per month if I have a balance of less than $4000.,partially_supported,12,0,9.740000000000002,0,22,0.06712988260690256,2,4,12,9.740000000000002,22,0.06712988260690256,2,4,0,0,1,0,0
What key questions should one consider before making an investment?,REDDIT,open_ended,"Before you would choose to invest in a stock or sector you should know why you are confident that it will exceed the market's expectations, which includes the expectations of professionals who study these companies and less experienced investors who invest for less rational reasons.",partially_supported,10,0,8.370000000000001,0,45,0.0,2,4,10,8.370000000000001,45,0.0,2,4,0,0,0,0,0
What information should be expected during a first meeting before investing in Canada?,REDDIT,open_ended,"Before investing in Canada, you should expect to discuss the following information during a first meeting: your investment goals, risk tolerance, and time horizon. You may also want to ask about the fees associated with investing in Canada, as well as any potential tax implications.",partially_supported,13,0,12.172307692307694,0,45,0.4267843990200634,2,4,13,12.172307692307694,45,0.4267843990200634,2,4,0,0,0,0,0
What is the impact of spending more than earning on a retail investor?,REDDIT,factual,If you are too poor after investing too much you might just be spending more than what you earn.,supported,13,0,6.726153846153846,0,19,0.30193682076421685,1,3,13,6.726153846153846,19,0.30193682076421685,1,3,0,0,1,0,0
Comparison between Wealthsimple and Major Canadian Banks for Investment Services,REDDIT,open_ended,The protection is IF one of those partner banks fail. The CDIC does not cover wealth simple failure and their terms note that in the event of ...,partially_supported,10,0,15.45,0,28,0.09532517606220346,2,4,10,15.45,28,0.09532517606220346,2,4,0,0,0,0,0
Is there a specific question related to foreign stock investments on a Canadian tax return?,CRA,factual,"Form T1135, Foreign Income Verification Statement, must be filed by: Canadian resident individuals, corporations, and certain trusts that, at any time during the year, own specified foreign property costing more than $100,000 certain partnerships that hold more than $100,000 of specified foreign property",supported,15,0,10.713333333333338,1,43,0.18927182579865995,2,3,15,10.713333333333338,43,0.18927182579865995,2,3,0,1,1,1,0
What are the essential elements of an Investment Policy Statement (IPS) prior to investing?,REDDIT,factual,"In reading through some of their policies HR sent me, it requires me to have duplicate statements sent to their compliance department and for me to transfer all of my IIROC accounts to an advisor with their company.",hallucinated,14,0,11.784285714285716,0,38,0.0,2,4,14,11.784285714285716,38,0.0,2,4,0,0,1,0,0
"Is holding multiple ETFs such as VDY, VFV, and XEQT excessively diversified for personal finance and investing?",REDDIT,open_ended,"After answering questions about your goals, timeline, knowledge/ experience with investing and your perceived comfort with volatility they will choose and then manage a suitable ETF portfolio for you.",supported,17,0,13.251764705882355,0,29,0.026674733282472912,2,4,17,13.251764705882355,29,0.026674733282472912,2,4,0,0,0,0,0
What is the impact of an executor on a retail investor's portfolio?,REDDIT,open_ended,"I was the Executor for my BIL's estate and it was a lot of work. His was a relatively simply estate, and I was amazed at how much work was involved. The administrative work is quite heavy. Discovering all the assets and liabilities, contacting all the companies, arranging to pay all the bills. The issues of probate we hired an Estate Lawyer. We also hired an Accountant to deal with the tax ...",partially_supported,12,0,9.740000000000002,0,73,0.1001221736296862,2,4,12,9.740000000000002,73,0.1001221736296862,2,4,0,0,0,0,0
Explain in layman's terms the difference between Wealthsimple Direct Indexing and a passive ETF such as VFV,REDDIT,open_ended,Wealthsimple buys the stocks for your directly instead of you buying a ETF that holds the stocks under the hood. The upside is you can choose to ...,partially_supported,17,0,10.47529411764706,0,28,0.10237962883779436,2,4,17,10.47529411764706,28,0.10237962883779436,2,4,0,0,0,0,0
What are essential factors to consider about bank accounts prior to making an investment?,REDDIT,factual,"A direct investing account with your regular bank will make it easier to move money around, but the fees may be higher than an online brokerage. Check what the fees are and decide which works better for you.",supported,14,0,10.098571428571429,0,38,0.0925404801958551,2,4,14,10.098571428571429,38,0.0925404801958551,2,4,0,0,1,0,0
Under what circumstances might a change in risk profile impact my investment decisions?,REDDIT,open_ended,TD can outright refuse to let you purchase something if it falls outside your risk profile. Even changing the answers on the questionnaire to assume a higher risk profile might not be enough to allow you to purchase the security.,partially_supported,13,0,11.264615384615386,0,40,0.2215169677527492,2,4,13,11.264615384615386,40,0.2215169677527492,2,4,0,0,0,0,0
What key factors should be considered in financial preparation for retirement prior to investing?,REDDIT,open_ended,"What you should be doing is establishing goals and making sure you are putting aside sufficient funds to meet those goals. Goals could include: buying a home, supplementing retirement income, maintaining an emergency fund, taking a trip, caring for an elderly parent, etc.",partially_supported,14,0,13.470000000000002,0,43,0.03882852732524574,2,4,14,13.470000000000002,43,0.03882852732524574,2,4,0,0,0,0,0
The individual is about to inherit a significant amount of money.,REDDIT,open_ended,"Enjoy some of the money but interview a few financial advisors and figure who you are comfortable with and take it from there. Better yet, spread it around a few and see who sticks and performs well.",hallucinated,11,0,12.3,0,37,0.07292441912228127,4,5,11,12.3,37,0.07292441912228127,4,5,0,0,0,0,0
Is Wealthsimple Tax considered good for personal tax filing?,REDDIT,open_ended,"The free version now has a two-step verification process, which is a good thing. However, it's still not as good as TurboTax or H&R Block. I've used Wealthsimple Tax for a few years now and it's been decent. The interface is user-friendly and it's easy to navigate. However, I've had some issues with errors and the customer support has been hit-or-miss.",partially_supported,9,0,10.208888888888893,1,61,0.20234120931780267,2,4,9,10.208888888888893,61,0.20234120931780267,2,4,0,1,0,0,0
What is the impact of self-management on a retail investor's financial performance?,REDDIT,factual,"The total annual management cost would be about $70 per $10,000 invested. This compares to $107 per $10,000 invested for the Core mutual funds or $20 per $10,000 for an asset allocation ETF.",hallucinated,12,0,11.264615384615386,0,33,0.09806946449284114,2,4,12,11.264615384615386,33,0.09806946449284114,2,4,0,0,1,0,0
What is the impact of checking one's knowledge about cryptocurrency on a retail investor?,REDDIT,factual,... checking on their financials every once in a while to ensure efficiency. Essentially we retail investors have to make a bet on which one of ...,hallucinated,14,0,11.784285714285716,0,27,0.21359670607629966,4,4,14,11.784285714285716,27,0.21359670607629966,4,4,0,0,1,0,0
What is the impact of the risk-return relationship on investment decisions?,REDDIT,factual,"As with any investment, the higher the risk, the greater the potential return. On the flip side, if things go particularly bad, the higher the risk again, the more you can lose.",supported,11,0,9.740000000000002,0,32,0.22510469194456367,2,4,11,9.740000000000002,32,0.22510469194456367,2,4,0,0,1,0,0
What is the impact of preparing for financial emergencies on a retail investor?,REDDIT,factual,"Your emergency funds actually give you money. Because it will prevent you from selling your investments , even when they all go down, in case of ...",partially_supported,13,0,11.264615384615386,0,27,0.0,2,4,13,11.264615384615386,27,0.0,2,4,0,0,1,0,0
"What is the best low-risk investment option for a Canadian resident to put $17,000 into for one year?",REDDIT,factual,"For self-directed investing, all in one ETFs (based on your risk tolerance) are the easiest and low cost options for a globally diversified ETF portfolio.",contradictory,18,1,8.474444444444444,0,25,0.12256378782040894,2,4,18,8.474444444444444,25,0.12256378782040894,2,4,1,0,1,0,0
What is the impact of a Tax-Free Savings Account (TFSA) on a retail investor?,CRA,factual,"Any contribution you make to your TFSA and any income you earn through interest, dividends or capital gains are generally tax-free, even when you make a withdrawal.",supported,14,0,6.780000000000001,1,27,0.2507309956110113,1,3,14,6.780000000000001,27,0.2507309956110113,1,3,0,1,1,1,0
What risks should I consider before investing in actively managed ETFs?,REDDIT,open_ended,"It’s about the broad risks associated with ETFs in general and crypto ETFs in particular) I’m trying to do a creative mental exercise to understand how the ETF financial instrument (the investment fund and brokerage firms) could crash, close, or go bankrupt, leading to a loss of investments for clients.",partially_supported,11,0,11.22727272727273,0,50,0.16752384009153048,2,4,11,11.22727272727273,50,0.16752384009153048,2,4,0,0,0,0,0
What are the key points to consider when making it simpler to accumulate funds prior to investment?,REDDIT,factual,"Second, you should build an emergency fund. It's usually recommended to keep 3 to 6 months' worth of expenses in a high-interest savings account.",supported,17,0,9.08705882352941,0,24,0.0,2,4,17,9.08705882352941,24,0.0,2,4,0,0,1,0,0
Is it more common than previously thought for Canadians to retire with little savings?,REDDIT,open_ended,"I've read multiple times from multiple sources over the years that more than half of Canadians retire with little/no income other than CPP/OAS/GIS. Certainly, in my own family, this is the norm.",supported,14,0,8.412857142857145,0,32,0.2533517917231642,2,4,14,8.412857142857145,32,0.2533517917231642,2,4,0,0,0,0,0
What is the role and importance of a Trusted Contact Person for a retail investor in Canada?,REDDIT,factual,Apparently it was originated by Canadian Securities Administrators. Has anyone been contacted by their broker requiring you to give them a name?,partially_supported,17,0,10.47529411764706,0,22,0.0,1,2,17,10.47529411764706,22,0.0,1,2,0,0,1,0,0
How does giving financial advice on social media impact a retail investor?,REDDIT,open_ended,"End results have been a financial plan covering everything from cash-flow, investments, insurance, tax planning, retirement and estate planning. We still run with our self-directed investing accounts and she sells nothing to us other than her advise.",hallucinated,12,0,10.723333333333333,0,37,0.04404419026632871,2,4,12,10.723333333333333,37,0.04404419026632871,2,4,0,0,0,0,0
"What is the financial impact on retirement savings (RRSP) for an individual with a salary jump from $80,000 to $200,000, no existing RRSP funds, and $42,000 in student debt?",CRA,open_ended,"The Canada Revenue Agency generally calculates your RRSP deduction limit as follows: your unused RRSP deduction room at the end of the preceding year Plus The lesser of the two following items: 18% of your earned income in the previous year the annual RRSP limit (for 2025, the annual limit is $32,490)",partially_supported,29,1,13.157692307692308,1,52,0.10551436398145571,2,4,29,13.157692307692308,52,0.10551436398145571,2,4,1,1,0,1,0
How can one minimize Sequence of Returns Risk near retirement in personal finance and investing?,REDDIT,open_ended,"Budget 15-20% of your income for retirement savings, invest in a globally diversified ETF portfolio, and you'll be fine.",partially_supported,15,0,11.500000000000004,0,19,0.05304474746633171,2,4,15,11.500000000000004,19,0.05304474746633171,2,4,0,0,0,0,0
"Is purchasing a condo currently considered a poor investment, as suggested by the article?",REDDIT,open_ended,"Honestly, I think it's a terrible investment. The prices are so high and the rental income is not enough to cover the mortgage, let alone the condo fees, property taxes, and maintenance.",hallucinated,14,0,13.470000000000002,0,32,0.1007366822269811,4,5,14,13.470000000000002,32,0.1007366822269811,4,5,0,0,0,0,0
How does the approach of asking questions and then asking more questions impact a retail investor?,REDDIT,open_ended,"... do. It sounds like OP was asking way more questions than a typical client would ask, even one that has a lot more money.",hallucinated,16,0,9.087500000000002,0,25,0.36953930922720013,4,4,16,9.087500000000002,25,0.36953930922720013,4,4,0,0,0,0,0
I want to start investing in stocks (Canadian context),REDDIT,open_ended,"If this is a good idea, what my options are to start an investing account. Should i go through a bank through, for ...",supported,9,0,6.2755555555555596,0,24,0.2871804541844185,4,3,9,6.2755555555555596,24,0.2871804541844185,4,3,0,0,0,0,0
"How relevant is a 20% Global ETF and 80% Bond portfolio today, in terms of personal finance and investing?",REDDIT,open_ended,Considering switching to a self-managed 80-20 stock and bond combo via ETFs for more diversified market exposure.,supported,19,1,10.47529411764706,0,17,0.23873326331710013,2,4,19,10.47529411764706,17,0.23873326331710013,2,4,1,0,0,0,0
What are the consequences of exceeding the contribution limit for Federal Home Savings Account (FHSA) tax deductions?,CRA,factual,You may need to pay taxes if you contribute or transfer more to your first home savings accounts (FHSAs) than your FHSA participation room for the year allows. Learn about how much tax you will be charged if you have an excess FHSA amount and the different ways to reduce or eliminate your excess FHSA amounts.,supported,17,0,13.251764705882355,1,56,0.20765609966282478,2,4,17,13.251764705882355,56,0.20765609966282478,2,4,0,1,1,1,0
What factors should be considered when comparing investment products and services in Canada?,REDDIT,factual,"Canada has a unique investment distribution network structure, dominated by a few large players (notably, the banks). The big 6 all own their own investment arms.",supported,13,0,13.080000000000002,0,26,0.11969373196805441,2,4,13,13.080000000000002,26,0.11969373196805441,2,4,0,0,1,0,0
"What risks should I consider before investing, given my risk profile?",REDDIT,open_ended,"Before investing, consider your risk profile and the potential risks involved. You may want to consider factors such as market volatility, inflation, and the potential for losses. It's also a good idea to diversify your portfolio and consider consulting with a financial advisor.",supported,11,0,9.081818181818182,0,43,0.4230466435693265,2,4,11,9.081818181818182,43,0.4230466435693265,2,4,0,0,0,0,0
How does understanding cryptocurrency trading platforms impact a retail investor?,REDDIT,open_ended,"If you want tax free capital gains, you can buy QBTC or BTCC in your TFSA. For QBTC, it is certainly expensive in terms of its historical premiums (5%-20%) and MER (1.95%); however, if you are long/bullish in Bitcoin as an alternative asset class, then perhaps it does not really matter.",partially_supported,10,0,15.45,0,51,0.034650400846979096,2,4,10,15.45,51,0.034650400846979096,2,4,0,0,0,0,0
Transferring Stocks from a Non-Registered Account to a Tax-Free Savings Account (TFSA),CRA,factual,Contributing to a TFSA Updated TFSA contribution room available in CRA account starting April 2026 TFSA records from 2025 will be processed by April 2026. This is the best time to check your TFSA contribution room in your CRA account. Always verify your contribution room with your financial institution records to avoid over-contribution.,partially_supported,12,0,8.412857142857145,1,53,0.17270112896168638,2,4,12,8.412857142857145,53,0.17270112896168638,2,4,0,1,1,1,0
"At age 18, should one choose a Federal Home Savings Account (FHSA) over a Tax-Free Savings Account (TFSA)?",CRA,factual,"A First Home Savings Account (FHSA) lets you save for a qualifying home with tax-free growth and tax-deductible contributions, making it a great option for potential first-time home buyers.",hallucinated,18,1,7.818888888888889,1,29,0.3871011961819369,2,4,18,7.818888888888889,29,0.3871011961819369,2,4,1,1,1,1,0
What are the costs associated with LSIFs (Liquefied Natural Gas Infrastructure Funds) that an investor should consider before investing?,REDDIT,factual,Compare the expected performance of the funds and the MERs and see if the $130 is worth it.,contradictory,19,0,14.177894736842106,0,18,0.04782924478341389,4,5,19,14.177894736842106,18,0.04782924478341389,4,5,0,0,1,0,0
What aspects of transparency are important to consider before making an investment in Canada?,REDDIT,factual,"The lack of fee transparency in Canada has been the key driver for this delivery model, and we're only now implementing CRM3 which will finally ...",partially_supported,14,0,13.470000000000002,0,26,0.212114905445225,2,4,14,13.470000000000002,26,0.212114905445225,2,4,0,0,1,0,0
What key points should investors consider regarding the DSC ban prior to investment?,REDDIT,open_ended,"The OSC attributed the decision to support for a harmonized DSC ban it recently received from industry stakeholders. ""In moving forward with the ban on DSCs, the OSC also considered the decline in the use of the DSC option in Ontario, as well as advances in industry innovation,"" said a release from the regulator.",partially_supported,13,0,8.541538461538462,0,54,0.2586667494293197,2,4,13,8.541538461538462,54,0.2586667494293197,2,4,0,0,0,0,0
"What should one consider when budgeting for the first time while living independently, prior to investing?",REDDIT,open_ended,"I’m going to be renting an apartment in September with a room mate and I’m having a little trouble budgeting for everything. I’ll have about $20,000 of savings from my job post-tax (I run a small window washing business) and $7000 from the full time student grant and Jason Lang scholarships.",partially_supported,16,0,11.3,0,51,0.11951212531440913,2,4,16,11.3,51,0.11951212531440913,2,4,0,0,0,0,0
What should an investor consider when considering investment product and service recommendations prior to investing?,REDDIT,open_ended,Is there any recommendations on any reputable investment “services” (someone/something that invests on behalf of clients) that anyone has had good experiences with and would recommend?,supported,15,0,15.433333333333337,0,26,0.15546952899305672,2,4,15,15.433333333333337,26,0.15546952899305672,2,4,0,0,0,0,0
Should I switch from a sector fund to XEQT (iShares Core S&P Total U.S. Stock Market ETF) or North American Value Fund?,REDDIT,open_ended,"VEQT is a more conservative option, but it's also more expensive. XEQT is a total US market ETF, which means it tracks the entire US market, not just the S&P 500. This can be beneficial for long-term growth, but it also means you'll be exposed to more volatility. If you're looking for a more conservative option, VEQT might be a better choice. But if you're willing to take on more risk for potential long-term growth, XEQT could be a good option.",partially_supported,22,0,3.2633333333333354,0,81,0.13389853930201429,4,4,22,3.2633333333333354,81,0.13389853930201429,4,4,0,0,0,0,0
What are the thoughts on a high-risk investment strategy for a $700k inheritance managed by an individual with a high risk tolerance (aged 27)?,REDDIT,open_ended,"An inheritance is protected from separation or divorce as long as you don't commingle the inheritance money into the family assets. As soon as you commingle your inheritance (e.g pay down your mortgage), that protected status is lost.",partially_supported,24,1,12.945,0,38,0.15962219993903937,2,4,24,12.945,38,0.15962219993903937,2,4,1,0,0,0,0
Which specific stocks should I consider investing in? Could you explain the process for determining which stocks to buy? My current knowledge is limited to investments such as XEQT and XGRO.,REDDIT,open_ended,"If you are planning to buy in 2 years, you would need to buy something safe that will protect the funds with modest growth over inflation. Cash.to will be good option for now as you get safe 5% interest from principals.",partially_supported,31,0,6.710967741935487,0,41,0.08844883187213136,4,5,31,6.710967741935487,41,0.08844883187213136,4,5,0,0,0,0,0
