id,source,cleaned_question,question_type
1,Reddit,Is it difficult not to experience a fear of missing out (FOMO) when considering real estate investment opportunities in Canada?,factual
2,Reddit,Is the individual (dad) aged 55 lacking sufficient funds for retirement?,open_ended
3,Reddit,"Given a savings of approximately CAD 100,000, should the individual opt for purchasing a condo or continue investing?",open_ended
4,CRA,What is the fate of individual stocks held within an RRSP upon death?,factual
5,Reddit,"Is moving funds from WealthSimple's managed portfolios (Growth Portfolio-9 for High Risk and Balanced -5 for Medium Risk) into individual ETFs XEQT (High Risk), VGRO, and XGRO (Balanced Risk) a cost-effective decision?",open_ended
6,Reddit,"What risks should one consider before investing, specifically focusing on the different types of investment risks?",open_ended
7,Reddit,What information is important to know about Get Smarter About Trading before making an investment?,factual
8,OSC,What is the impact of an FAQ (Frequently Asked Questions) from the Ontario Securities Commission's (OSC) Community on a retail investor?,factual
9,Reddit,What are some suitable ETFs that could complement VFV in a portfolio?,open_ended
10,Reddit,How does the type of investment advice influence a retail investor?,open_ended
11,Reddit,What are the consequences of only investing at market peaks?,factual
12,Reddit,What are important factors to consider before investing in Digital Tokens?,factual
13,Reddit,Should I invest in OMERS instead of purchasing XEQT with the same amount of money?,open_ended
14,Reddit,What key points should be considered about the impact of a recession on investments prior to investing?,open_ended
15,Reddit,What impact does reviewing an estate plan have on a retail investor?,factual
16,Reddit,"What does the statement 'You're young, you can tolerate more risk' mean in the context of personal finance and investing?",factual
17,Reddit,Considering using CASH.TO rather than Wealthsimple Cash for temporary savings,open_ended
18,CRA,Why is the investment in VFV (a Canadian all-capitalization ETF) yielding a perceived low return?,open_ended
19,Reddit,What is the impact of overconfidence bias on financial decisions prior to investing?,factual
20,Reddit,What is Wealthsimple's risk tolerance for investment portfolios?,open_ended
21,CRA,Is it possible to contribute less to my RRSP since I am paying for CPP2?,factual
22,Reddit,How do trading apps' potential influences on behavior impact retail investors?,open_ended
23,Reddit,Is it advisable to utilize investments for mortgage repayment?,open_ended
24,Reddit,What is the impact of research and reports on a retail investor?,factual
25,OSC,Comparing Mutual Funds and Exchange-Traded Funds (ETFs),open_ended
26,Reddit,Should I Invest in XEQT Permanently?,open_ended
27,Reddit,What risks should I consider before investing in why does risk matter in investing?,open_ended
28,Reddit,What is the impact of family and friends on a retail investor in Canada?,factual
29,Reddit,What key information is essential to understand about how annuities function before making an investment?,factual
30,Reddit,How to reduce risk in a pension?,open_ended
31,CRA,Should one utilize RRSP and FHSA deductions if there is no outstanding tax liability?,factual
32,Reddit,Is it true that BMO now offers commission-free trading for several Exchange-Traded Funds (ETFs)?.,open_ended
33,CRA,At what point should contributions be made to a Registered Retirement Savings Plan (RRSP)?,open_ended
34,Reddit,"Which is the best additional ETF to gain more technology exposure, given that XEQT is currently held?",open_ended
35,Reddit,What is the impact of regularly reviewing account statements on a retail investor?,factual
36,CRA,"What is the percentage of Canadians retiring with an annual income less than $15,000 and those retiring with $60,000 or more, and are these figures accurate? If not, what are the actual percentages and does this include me (the respondent) in the 51% group?",factual
37,CRA,Reporting of Foreign Assets by US Stocks,open_ended
38,Reddit,How does one effectively invest personal funds in legitimate investment opportunities?,open_ended
39,CRA,"Should I sell my $30,000 Pokemon collection to max out my TFSA (Tax-Free Savings Account) and FHSA (First Home Savings Account)?",open_ended
40,CRA,What was the return percentage and the total net asset value of CPP Investments for the third quarter?,factual
41,Reddit,What key factors should be considered about Individual Pension Plans (IPPs) prior to investment?,open_ended
42,CRA,Advice needed for TFSA Portfolio as RRSP is maxed out.,open_ended
43,OSC,What are the risks associated with investing in mutual funds?,factual
44,CRA,Is there any obligation for a Canadian estate to pay to an IRA (Individual Retirement Account) following the death of a Canadian individual who held US stocks in their portfolio?,open_ended
45,Reddit,Are there Environmentally Conscious Exchange-Traded Funds (ETFs) available in Canada?,open_ended
46,Reddit,What is important to know about out-of-country travel medical insurance prior to making an investment?,factual
47,Reddit,What factors related to life events should be considered before making an investment?,open_ended
48,Reddit,Should travel expenses be made using Amex Cobalt or Wealthsimple Visa Card?,open_ended
49,Reddit,What impact does a market bubble have on a retail investor?,factual
50,Reddit,What is the impact of growth investment strategies on retail investors?,factual
51,CRA,"At what age should an individual aged 35, who has invested 100% of their Tax-Free Savings Account (TFSA) in XEQT, consider reducing their risk tolerance and starting to move towards bonds?",factual
52,Reddit,Does RBC have high fees for self-directed investing?,open_ended
53,Reddit,What are the key differences between Active and Passive investment strategies before making an investment decision in Canada?,factual
54,CRA,How should one determine their investment strategy prior to investing?,open_ended
55,Reddit,How does loss aversion impact a retail investor?,open_ended
56,Reddit,Millionaire homeowners struggling in retirement due to insufficient savings despite substantial home equity,open_ended
57,Reddit,How does the time horizon impact investment goals for a retail investor?,open_ended
58,Reddit,What is the impact of budgeting during retirement on a retail investor?,open_ended
59,Reddit,Comparison between VFV and QQC from iShares versus VEQT from Vanguard in terms of return,open_ended
60,CRA,Is it advisable to take out a mortgage when Tax-Free Savings Account (TFSA) and Registered Retirement Savings Plan (RRSP) are already maxed out?,open_ended
61,Reddit,"Comparing XEQT, VEQT, and QQQ: Which has a better return on investment?",open_ended
62,Reddit,What is the impact of tracking investing returns on a retail investor?,factual
63,Reddit,"Is the S&P 500 a suitable investment option for an individual averse to high risk, given that they have additional funds?",open_ended
64,Reddit,Is there a Smart or Recency Bias when investing in VEQT and VFV?,factual
65,CRA,What are the three essential responsibilities to consider before making an investment?,factual
66,Reddit,What essential information should be considered before investing in Guaranteed Investment Certificates (GICs) in Canada?,discard
67,Reddit,"What are the influences of trading apps on investment behavior, specifically nudges prior to investing?",factual
68,Reddit,Does the VFV dividend match the S&P 500 dividend?,open_ended
69,CRA,Should I contribute to a Registered Retirement Savings Plan (RRSP) or not?,open_ended
70,Reddit,How do behavioral biases impact a retail investor during market bubbles?,open_ended
71,CRA,Is the official Tax-Free Savings Account (TFSA) contribution room for the year 2024 $7000?,factual
72,CRA,Our experience opening an FHSA: Yikes,factual
73,Reddit,What is the impact of a pension plan on a retail investor?,factual
74,Reddit,"Is there a debate on high-interest ETFs among Bay Street participants, which have gained popularity among retail investors, leading to a federal review?",open_ended
75,Reddit,"Does home insurance have an impact on the financial investments of a retail investor, and if so, how and why?",open_ended
76,Reddit,How does the power of attorney impact a retail investor?,open_ended
77,Reddit,What is the importance and relevant information to consider about community outreach when making investment decisions?,factual
78,Reddit,Recommendations for pairing investments with the ETF VFV (iShares S&P/TSX 60 Index)?,open_ended
79,Reddit,What is the impact of tracking one's investment returns on a retail investor?,factual
80,OSC,What information should I expect when working with a financial advisor prior to investment?,open_ended
81,Reddit,What is essential to understand about trailing commissions prior to investment?,factual
82,Reddit,How does 'Gaming the System' influence a Retail Investor in Online Trading?,open_ended
83,Reddit,What is the impact of the 'Take the Love and Money Quiz' on a retail investor?,factual
84,Reddit,"What risks should I consider before investing, specifically concerning the relationship between volatility and investment risk?",open_ended
85,Reddit,What factors should be considered about family and friends prior to making investments?,open_ended
86,Reddit,What is a cost-effective and low/no-risk method for converting USD to CAD?,factual
87,Reddit,Does the cash flow of small businesses impact the investments of retail investors?,open_ended
88,Reddit,Does Wealthsimple offer a wider bid-ask spread for VEQT compared to XEQT?,open_ended
89,Reddit,What key points should be considered about research and reports prior to making an investment?,open_ended
90,CRA,Is there any advantage to contributing to an RRSP if one expects to be in a high tax bracket upon retirement?,open_ended
91,Reddit,What is the impact on a retail investor when closing a bank account?,factual
92,CRA,Is it advisable to purchase the ETF 'VFV' within a Registered Retirement Savings Plan (RRSP) account?,open_ended
93,Reddit,Is Wealthsimple's Chequing Account used as a credit card?,open_ended
94,Reddit,What are the key considerations for prioritizing one's own interests when making investment decisions?,factual
95,Reddit,What impact does 'Take the Stress Out of Budgeting' have on a Retail Investor?,factual
96,CRA,Is it advisable to open a First Home Savings Account (FHSA) if one is not planning on purchasing a home?,open_ended
97,Reddit,What is the impact of checking account operations on a retail investor?,factual
98,CRA,Does the CRA (Canada Revenue Agency) My Account provide 2025 FHSA (First Home Savings Account) participation room statements?,factual
99,Reddit,What key questions should one consider before making an investment?,open_ended
100,Reddit,What information should be expected during a first meeting before investing in Canada?,open_ended
101,Reddit,What is the impact of spending more than earning on a retail investor?,factual
102,Reddit,Comparison between Wealthsimple and Major Canadian Banks for Investment Services,open_ended
103,CRA,Is there a specific question related to foreign stock investments on a Canadian tax return?,factual
104,Reddit,What are the essential elements of an Investment Policy Statement (IPS) prior to investing?,factual
105,CRA,Can stocks be sold before the end of a year to qualify for tax-free capital gains in Canada?,factual
106,Reddit,"Is holding multiple ETFs such as VDY, VFV, and XEQT excessively diversified for personal finance and investing?",open_ended
107,Reddit,What is the impact of an executor on a retail investor's portfolio?,open_ended
108,Reddit,Explain in layman's terms the difference between Wealthsimple Direct Indexing and a passive ETF such as VFV,open_ended
109,Reddit,What are essential factors to consider about bank accounts prior to making an investment?,factual
110,Reddit,What is the impact of long-term care planning on a retail investor?,factual
111,Reddit,Under what circumstances might a change in risk profile impact my investment decisions?,open_ended
112,Reddit,What key factors should be considered in financial preparation for retirement prior to investing?,open_ended
113,Reddit,The individual is about to inherit a significant amount of money.,open_ended
114,Reddit,Is Wealthsimple Tax considered good for personal tax filing?,open_ended
115,OSC,Is it possible to verify if a financial advisor is properly registered in Canada?,open_ended
116,Reddit,What is the impact of self-management on a retail investor's financial performance?,factual
117,Reddit,What is the impact of checking one's knowledge about cryptocurrency on a retail investor?,factual
118,Reddit,What is the impact of the risk-return relationship on investment decisions?,factual
119,Reddit,What is the impact of preparing for financial emergencies on a retail investor?,factual
120,Reddit,"What is the best low-risk investment option for a Canadian resident to put $17,000 into for one year?",factual
121,CRA,What is the impact of a Tax-Free Savings Account (TFSA) on a retail investor?,factual
122,Reddit,What risks should I consider before investing in actively managed ETFs?,open_ended
123,CRA,Is it possible to sell VOO shares held within a Tax-Free Savings Account (TFSA) and purchase VFV shares without incurring a penalty?,factual
124,Reddit,What are the key points to consider when making it simpler to accumulate funds prior to investment?,factual
125,CRA,"What is the optimal frequency for buying stocks when automating contributions to TD Direct Investing XEQT in a TFSA account, given a trading fee of approximately $10 per transaction?",factual
126,Reddit,Is it more common than previously thought for Canadians to retire with little savings?,open_ended
127,Reddit,What is the role and importance of a Trusted Contact Person for a retail investor in Canada?,factual
128,Reddit,How does giving financial advice on social media impact a retail investor?,open_ended
129,CRA,"What is the financial impact on retirement savings (RRSP) for an individual with a salary jump from $80,000 to $200,000, no existing RRSP funds, and $42,000 in student debt?",open_ended
130,Reddit,How can one minimize Sequence of Returns Risk near retirement in personal finance and investing?,open_ended
131,CRA,Should a Federal Home Savings Account (FHSA) be used for stock investments?,factual
132,Reddit,"Is purchasing a condo currently considered a poor investment, as suggested by the article?",open_ended
133,Reddit,How does the approach of asking questions and then asking more questions impact a retail investor?,open_ended
134,Reddit,I want to start investing in stocks (Canadian context),open_ended
135,Reddit,"How relevant is a 20% Global ETF and 80% Bond portfolio today, in terms of personal finance and investing?",open_ended
136,CRA,What are the consequences of exceeding the contribution limit for Federal Home Savings Account (FHSA) tax deductions?,factual
137,Reddit,What factors should be considered when comparing investment products and services in Canada?,factual
138,Reddit,"What risks should I consider before investing, given my risk profile?",open_ended
139,Reddit,How does understanding cryptocurrency trading platforms impact a retail investor?,open_ended
140,CRA,Transferring Stocks from a Non-Registered Account to a Tax-Free Savings Account (TFSA),factual
141,CRA,"At age 18, should one choose a Federal Home Savings Account (FHSA) over a Tax-Free Savings Account (TFSA)?",factual
142,Reddit,What are the costs associated with LSIFs (Liquefied Natural Gas Infrastructure Funds) that an investor should consider before investing?,factual
143,Reddit,What aspects of transparency are important to consider before making an investment in Canada?,factual
144,Reddit,What key points should investors consider regarding the DSC ban prior to investment?,open_ended
145,Reddit,"What should one consider when budgeting for the first time while living independently, prior to investing?",open_ended
146,Reddit,What should an investor consider when considering investment product and service recommendations prior to investing?,open_ended
147,Reddit,Should I switch from a sector fund to XEQT (iShares Core S&P Total U.S. Stock Market ETF) or North American Value Fund?,open_ended
148,Reddit,What are the thoughts on a high-risk investment strategy for a $700k inheritance managed by an individual with a high risk tolerance (aged 27)?,open_ended
149,Reddit,Which specific stocks should I consider investing in? Could you explain the process for determining which stocks to buy? My current knowledge is limited to investments such as XEQT and XGRO.,open_ended
150,CRA,Should a parent choose between purchasing life insurance or contributing to a Tax-Free Savings Account (TFSA) for their child?,factual
