id,source,cleaned_question,question_type,model,llm_answer
1,Reddit,Is it difficult not to experience a fear of missing out (FOMO) when considering real estate investment opportunities in Canada?,factual,llama-3.3-70b-versatile,"It can be challenging to avoid FOMO when considering real estate investment opportunities in Canada, especially given the country's historically strong housing market. The fear of missing out on potential gains can be intense, particularly in cities like Toronto and Vancouver where prices have risen significantly. However, it's essential to separate emotions from investment decisions and focus on thorough research and due diligence. A well-informed approach can help mitigate FOMO and lead to more rational investment choices. By setting clear financial goals and risk tolerance, investors can make more informed decisions."
2,Reddit,Is the individual (dad) aged 55 lacking sufficient funds for retirement?,open_ended,llama-3.3-70b-versatile,"Based on typical retirement savings guidelines, a 55-year-old individual is considered to be behind in their retirement savings if they have not accumulated at least 5-7 times their desired annual retirement income. Assuming dad wants a moderate retirement income of $50,000 per year, he would need around $250,000 to $350,000 in savings. If dad's current savings are below this range, he may be lacking sufficient funds for retirement. It's essential for him to review his retirement plan, catch up on contributions, and consider other sources of income, such as a pension or part-time work."
3,Reddit,"Given a savings of approximately CAD 100,000, should the individual opt for purchasing a condo or continue investing?",open_ended,llama-3.3-70b-versatile,"With CAD 100,000, the individual may not have enough for a significant down payment on a condo, considering typical Canadian condo prices. Continuing to invest and grow their savings may be a better option to build a larger down payment or explore other investment opportunities. Investing in a tax-advantaged account, such as a TFSA or RRSP, could help their savings grow more efficiently. This approach would also allow them to maintain liquidity and avoid being tied to a specific asset like a condo."
4,CRA,What is the fate of individual stocks held within an RRSP upon death?,factual,llama-3.3-70b-versatile,"Upon death, individual stocks held within a Registered Retirement Savings Plan (RRSP) are deemed to be disposed of, triggering a taxable gain or loss. The fair market value of the stocks at the time of death is used to calculate the gain or loss. The resulting tax liability is reported on the deceased's final tax return. The RRSP assets, including the stocks, are then distributed to the beneficiary, who may be subject to tax on the amounts received. If a spouse is the beneficiary, the assets can be transferred tax-free to their own RRSP."
5,Reddit,"Is moving funds from WealthSimple's managed portfolios (Growth Portfolio-9 for High Risk and Balanced -5 for Medium Risk) into individual ETFs XEQT (High Risk), VGRO, and XGRO (Balanced Risk) a cost-effective decision?",open_ended,llama-3.3-70b-versatile,"Moving funds from WealthSimple's managed portfolios to individual ETFs like XEQT, VGRO, and XGRO can be a cost-effective decision. WealthSimple's management fees range from 0.4% to 0.5%, whereas the individual ETFs have lower management fees, such as XEQT at 0.20%, VGRO at 0.20%, and XGRO at 0.20%. By switching, you can save on management fees, but you'll need to consider other costs, such as trading fees and your ability to maintain a balanced portfolio. Overall, the individual ETFs can provide similar diversification at a lower cost."
6,Reddit,"What risks should one consider before investing, specifically focusing on the different types of investment risks?",open_ended,llama-3.3-70b-versatile,"When investing, there are several types of risks to consider, including market risk, credit risk, liquidity risk, and inflation risk. Market risk refers to the potential for losses due to fluctuations in the market, while credit risk is the risk that a borrower will default on their debt obligations. Liquidity risk is the risk that you won't be able to sell an investment quickly enough or at a fair price, and inflation risk is the risk that inflation will erode the purchasing power of your investments. Additionally, other risks to consider include interest rate risk, currency risk, and operational risk."
7,Reddit,What information is important to know about Get Smarter About Trading before making an investment?,factual,llama-3.3-70b-versatile,"Get Smarter About Money is a Canadian financial website, but to answer your question about Get Smarter About Trading, it's essential to know that it's an educational platform offering online courses and resources on trading. Before making an investment, it's crucial to understand the fees associated with the platform, the level of expertise required, and the potential risks involved in trading. You should also review the platform's reputation, read reviews, and assess whether the education provided aligns with your investment goals. Additionally, consider your own financial situation, risk tolerance, and investment experience before investing through Get Smarter About Trading."
9,Reddit,What are some suitable ETFs that could complement VFV in a portfolio?,open_ended,llama-3.3-70b-versatile,"Suitable ETFs to complement VFV (Vanguard S&P 500 Index ETF) in a portfolio include VAB (Vanguard Canadian Aggregate Bond Index ETF) for fixed income, VCN (Vanguard FTSE Canada All Cap Index ETF) for Canadian equity, and VE (Vanguard FTSE Emerging Markets All Cap Index ETF) for international equity. These ETFs provide diversification across different asset classes and geographies. VRE (Vanguard FTSE Canadian Capped REIT Index ETF) is another option for real estate exposure. These ETFs can help create a balanced and diversified portfolio when combined with VFV."
10,Reddit,How does the type of investment advice influence a retail investor?,open_ended,llama-3.3-70b-versatile,"The type of investment advice can significantly influence a retail investor's portfolio performance and overall financial well-being. Fee-based advice tends to be more objective, as the advisor's compensation is not tied to specific investment products. In contrast, commission-based advice may lead to biased recommendations, as the advisor's earnings are directly linked to the sale of particular investments. As a result, fee-based advice can lead to more aligned interests between the investor and advisor, potentially resulting in better investment outcomes. This can help retail investors make more informed decisions and achieve their financial goals."
13,Reddit,Should I invest in OMERS instead of purchasing XEQT with the same amount of money?,open_ended,llama-3.3-70b-versatile,"OMERS is a defined benefit pension plan, and investing in it provides a guaranteed income stream in retirement. In contrast, XEQT is a broad-market ETF that offers diversification and potential long-term growth, but its returns are not guaranteed. If you're eligible to contribute to OMERS, it's likely a better option for predictable retirement income, whereas XEQT may be more suitable for those seeking potential growth. Consider your individual financial goals and priorities when deciding between the two. OMERS may be a better choice if you value predictable retirement income."
14,Reddit,What key points should be considered about the impact of a recession on investments prior to investing?,open_ended,llama-3.3-70b-versatile,"When considering the impact of a recession on investments, it's essential to assess your risk tolerance and time horizon. A diversified portfolio can help mitigate potential losses, and investing for the long-term can ride out market fluctuations. Recession-resistant assets, such as bonds and dividend-paying stocks, may be more stable during economic downturns. Additionally, having a cash reserve can provide liquidity and flexibility to take advantage of investment opportunities that may arise during a recession. It's also important to maintain a balanced portfolio and avoid making emotional decisions based on short-term market volatility."
16,Reddit,"What does the statement 'You're young, you can tolerate more risk' mean in the context of personal finance and investing?",factual,llama-3.3-70b-versatile,"In the context of personal finance and investing, the statement ""You're young, you can tolerate more risk"" means that younger investors have a longer time horizon to ride out market fluctuations and recover from potential losses. As a result, they can afford to take on more investment risk, such as investing in stocks or equity funds, which have higher potential returns but also higher volatility. This approach allows younger investors to potentially earn higher returns over the long term, rather than playing it safe with more conservative investments. It's based on the idea that time is on their side to absorb and recover from any short-term losses."
17,Reddit,Considering using CASH.TO rather than Wealthsimple Cash for temporary savings,open_ended,llama-3.3-70b-versatile,"CASH.TO, also known as the Horizon Cash Maximizer ETF, is a low-risk investment that holds high-interest savings accounts and short-term debt securities. It offers a competitive interest rate and is eligible for registered accounts such as TFSAs and RRSPs. Compared to Wealthsimple Cash, CASH.TO may offer higher interest rates and more flexibility in terms of investment options. However, it's essential to consider the management fee of 0.18% associated with CASH.TO. Overall, CASH.TO can be a suitable alternative to Wealthsimple Cash for temporary savings."
20,Reddit,What is Wealthsimple's risk tolerance for investment portfolios?,open_ended,llama-3.3-70b-versatile,"Wealthsimple offers five different risk tolerance portfolios: Conservative, Income, Balanced, Growth, and Aggressive Growth. Each portfolio is designed to align with a specific level of risk tolerance, ranging from low to high. The Conservative portfolio has the lowest risk, with a higher allocation to bonds, while the Aggressive Growth portfolio has the highest risk, with a higher allocation to stocks. Investors can choose the portfolio that best suits their risk tolerance and investment goals."
22,Reddit,How do trading apps' potential influences on behavior impact retail investors?,open_ended,llama-3.3-70b-versatile,"Trading apps can influence retail investors' behavior by encouraging frequent buying and selling, which can lead to higher transaction costs and poorer investment outcomes. The gamification features and instant gratification offered by some apps can also foster a short-term focus, causing investors to prioritize quick gains over long-term strategies. Additionally, the ease of use and accessibility of trading apps can lead to overconfidence and overtrading, resulting in increased risk-taking and potential losses. This can be particularly detrimental to inexperienced investors who may not fully understand the risks and complexities of investing. As a result, retail investors should be aware of these potential biases and strive to maintain a disciplined, long-term approach to investing."
23,Reddit,Is it advisable to utilize investments for mortgage repayment?,open_ended,llama-3.3-70b-versatile,"Utilizing investments for mortgage repayment can be a viable strategy, but it depends on the individual's financial situation and investment portfolio. If you have non-registered investments earning a lower return than your mortgage interest rate, it may make sense to use those funds to pay down your mortgage. However, if your investments are earning a higher return or are held in a tax-advantaged account, such as a TFSA or RRSP, it may be more beneficial to leave them intact. It's essential to consider your overall financial goals and priorities before making a decision. Consulting a financial advisor can help determine the best approach for your specific situation."
24,Reddit,What is the impact of research and reports on a retail investor?,factual,llama-3.3-70b-versatile,"Research and reports can significantly influence a retail investor's decisions by providing valuable insights and analysis on investment opportunities. They can help investors identify trends, assess risks, and make informed choices about their investments. Access to high-quality research and reports can also level the playing field for retail investors, allowing them to compete with institutional investors. By staying informed through research and reports, retail investors can potentially improve their investment returns and reduce their risk exposure. This can lead to more confident and effective investment decisions."
25,OSC,Comparing Mutual Funds and Exchange-Traded Funds (ETFs),open_ended,llama-3.3-70b-versatile,"Mutual funds and ETFs are both investment vehicles that pool money from multiple investors to invest in a diversified portfolio of stocks, bonds, or other securities. The key difference is that mutual funds are traded at the end of the day, while ETFs can be traded throughout the day like individual stocks. ETFs typically have lower fees and are more tax-efficient than mutual funds, making them a popular choice for Canadian investors. Additionally, ETFs often offer more flexibility and transparency, with their holdings disclosed daily, whereas mutual funds disclose their holdings quarterly. Overall, ETFs can be a more cost-effective and flexible option for investors."
26,Reddit,Should I Invest in XEQT Permanently?,open_ended,llama-3.3-70b-versatile,"XEQT is a popular Vanguard all-equity ETF in Canada, providing broad diversification and low fees. Investing in XEQT permanently can be a good long-term strategy, as it allows you to ride out market fluctuations and capture growth over time. However, it's essential to consider your personal risk tolerance, financial goals, and time horizon before making a permanent investment decision. If you're comfortable with the volatility of an all-equity portfolio, XEQT can be a solid core holding. Regular portfolio rebalancing may still be necessary to maintain your target asset allocation."
27,Reddit,What risks should I consider before investing in why does risk matter in investing?,open_ended,llama-3.3-70b-versatile,"When investing, you should consider risks such as market volatility, inflation, interest rate changes, and credit risk. Risk matters in investing because it can impact the potential returns on your investments and affect your ability to achieve your financial goals. Higher-risk investments may offer higher potential returns, but also come with a greater chance of losses. Understanding your personal risk tolerance and the risks associated with an investment can help you make informed decisions and create a diversified portfolio. This can help you balance potential returns with risk management."
28,Reddit,What is the impact of family and friends on a retail investor in Canada?,factual,llama-3.3-70b-versatile,"Family and friends can significantly influence a retail investor's decisions in Canada, often through word-of-mouth advice or investment ideas. This can lead to emotional decision-making, such as buying or selling based on hearsay rather than thorough research. Additionally, family and friends may not always have the investor's best interests in mind, potentially leading to poor investment choices. It's essential for retail investors to maintain a critical and independent mindset when considering investment advice from loved ones. This helps to minimize the risk of making impulsive or uninformed investment decisions."
29,Reddit,What key information is essential to understand about how annuities function before making an investment?,factual,llama-3.3-70b-versatile,"To understand how annuities function, it's essential to know that they provide a guaranteed income stream for a set period or lifetime in exchange for a lump-sum payment. The key factors to consider are the type of annuity, such as fixed or variable, and the payout structure, including the payment amount and frequency. You should also understand the fees associated with the annuity, including management and administrative fees. Additionally, consider the creditworthiness of the insurance company issuing the annuity, as it will impact the security of your investment. This information will help you make an informed decision about whether an annuity is a suitable investment for your financial goals."
30,Reddit,How to reduce risk in a pension?,open_ended,llama-3.3-70b-versatile,"To reduce risk in a pension, consider diversifying your investments across different asset classes, such as stocks, bonds, and real estate. You can also opt for a target date fund or a balanced fund that automatically adjusts the asset mix based on your retirement date. Additionally, ensuring you have a stable core holding, such as a high-quality bond or a guaranteed investment certificate (GIC), can help mitigate risk. It's also essential to review and adjust your pension portfolio regularly to ensure it remains aligned with your risk tolerance and retirement goals."
31,CRA,Should one utilize RRSP and FHSA deductions if there is no outstanding tax liability?,factual,llama-3.3-70b-versatile,"It's still beneficial to contribute to an RRSP as the contributions can be carried forward to future years when you may have a higher income and tax liability. Additionally, RRSPs provide tax-deferred growth, allowing your investments to grow faster. For the FHSA, contributions are made with after-tax dollars, so there's no tax deduction, but the investment growth and withdrawals are tax-free if used for a first home purchase. Contributing to these accounts can provide long-term benefits, even if you don't have an outstanding tax liability."
32,Reddit,Is it true that BMO now offers commission-free trading for several Exchange-Traded Funds (ETFs)?.,open_ended,llama-3.3-70b-versatile,"Yes, BMO offers commission-free trading for certain Exchange-Traded Funds (ETFs) through its self-directed investing platform. This includes a selection of BMO ETFs, allowing investors to buy and sell these funds without incurring trading commissions. The commission-free ETFs are available on BMO InvestorLine and BMO Wealth Management platforms. The specific list of eligible ETFs can be found on the BMO website."
34,Reddit,"Which is the best additional ETF to gain more technology exposure, given that XEQT is currently held?",open_ended,llama-3.3-70b-versatile,"Considering XEQT is a broad Canadian equity ETF, adding a US technology-focused ETF can provide additional exposure. Vanguard Information Technology ETF (VIT) or Invesco QQQ ETF (QQQ) can be a good option, but a Canadian-listed alternative is the Invesco NASDAQ 100 Index ETF (ZQQ). ZQQ tracks the NASDAQ 100 Index, providing exposure to top US technology companies. This can help diversify your portfolio and increase technology sector weight."
35,Reddit,What is the impact of regularly reviewing account statements on a retail investor?,factual,llama-3.3-70b-versatile,"Regularly reviewing account statements helps a retail investor stay informed about their investment performance, allowing them to make timely decisions and adjust their portfolio as needed. It also enables them to detect any errors or discrepancies, such as incorrect transactions or fees, and address them promptly. By monitoring their accounts, investors can track their progress towards their financial goals and make adjustments to stay on track. This practice can also help investors identify areas for improvement and optimize their investment strategy."
37,CRA,Reporting of Foreign Assets by US Stocks,open_ended,llama-3.3-70b-versatile,"Canadians who own US stocks may need to report their foreign assets on the Foreign Verification Statement (Form T1135) if the total cost of their foreign assets exceeds $10,000 at any time during the year. This includes reporting the value of US stocks held in a Canadian brokerage account or a US brokerage account. The Canada Revenue Agency (CRA) requires this reporting to ensure compliance with Canadian tax laws. Canadians can report their US stocks on the T1135 form, which is typically due with their tax return."
39,CRA,"Should I sell my $30,000 Pokemon collection to max out my TFSA (Tax-Free Savings Account) and FHSA (First Home Savings Account)?",open_ended,llama-3.3-70b-versatile,"Consider selling your Pokémon collection if it's not likely to appreciate in value or generate income. Using the proceeds to max out your TFSA and FHSA can provide tax benefits and help you achieve your financial goals, such as saving for a home or retirement. You can contribute the $30,000 to your TFSA, and up to $8,000 to your FHSA, depending on your eligibility and contribution room. This strategy can help you build wealth over time and reduce your tax liability."
40,CRA,What was the return percentage and the total net asset value of CPP Investments for the third quarter?,factual,llama-3.3-70b-versatile,"For the third quarter of the 2022-2023 fiscal year, CPP Investments reported a return of 2.7%. The total net assets for the Canada Pension Plan Investment Board were $536 billion at the end of the quarter. This represents a significant portfolio, with investments diversified across various asset classes. The return and net asset value demonstrate the fund's ongoing growth and management."
41,Reddit,What key factors should be considered about Individual Pension Plans (IPPs) prior to investment?,open_ended,llama-3.3-70b-versatile,"When considering an Individual Pension Plan (IPP), key factors to consider include the high setup and administration costs, as well as the requirement for an actuary to certify the plan. IPPs are typically suitable for high-income individuals with a stable income history, as they offer higher contribution limits than Registered Retirement Savings Plans (RRSPs). The plan must also be registered with the Canada Revenue Agency (CRA) and meet specific investment and funding requirements. Additionally, IPPs are often more complex and restrictive than other retirement savings options, so it's essential to weigh the benefits against the costs and complexity."
42,CRA,Advice needed for TFSA Portfolio as RRSP is maxed out.,open_ended,llama-3.3-70b-versatile,"Consider allocating your TFSA portfolio to tax-efficient investments such as index funds or ETFs, which provide broad diversification and tend to have lower fees. You can also include dividend-paying stocks, as the dividend income is tax-free in a TFSA. A balanced portfolio with a mix of Canadian and international equities, as well as some fixed income, can provide long-term growth and income. Aim to keep costs low and avoid over-concentrating in any one sector or asset class. A target allocation of 60% equities and 40% fixed income is a common starting point for a TFSA portfolio."
43,OSC,What are the risks associated with investing in mutual funds?,factual,llama-3.3-70b-versatile,"The risks associated with investing in mutual funds include market risk, where the value of the fund can fluctuate with market conditions, and management risk, where the fund's performance is dependent on the skills of the fund manager. There is also credit risk, where the fund's holdings may default on their debt obligations, and liquidity risk, where the fund may struggle to sell its holdings quickly enough or at a fair price. Additionally, mutual funds can be subject to inflation risk, interest rate risk, and currency risk, depending on the types of investments they hold. Overall, the level of risk varies depending on the type of mutual fund and its investment objectives."
44,CRA,Is there any obligation for a Canadian estate to pay to an IRA (Individual Retirement Account) following the death of a Canadian individual who held US stocks in their portfolio?,open_ended,llama-3.3-70b-versatile,"There is no obligation for a Canadian estate to pay to an IRA following the death of a Canadian individual who held US stocks in their portfolio, as IRAs are US retirement accounts and the individual was not a US resident. The Canadian estate will need to report and pay any applicable Canadian taxes on the US stocks. The US stocks will be subject to Canadian estate taxes, and any withholding taxes on dividends or interest may have already been paid. The estate may need to file US tax returns to report the income and claim any foreign tax credits."
46,Reddit,What is important to know about out-of-country travel medical insurance prior to making an investment?,factual,llama-3.3-70b-versatile,"When considering an investment, it's essential to know that out-of-country travel medical insurance can help protect your financial well-being in case of unexpected medical emergencies while traveling abroad. This type of insurance can cover expenses such as hospital stays, surgeries, and evacuations, which can be costly without coverage. Many investment accounts, such as RRSPs, may not provide travel medical insurance, so it's crucial to have separate coverage. You should review your existing insurance policies and investment accounts to determine if you have adequate travel medical insurance before making an investment."
47,Reddit,What factors related to life events should be considered before making an investment?,open_ended,llama-3.3-70b-versatile,"Before making an investment, consider life events such as marriage, having children, or retirement, as these can impact your financial goals and risk tolerance. A change in employment or income level should also be taken into account, as it may affect your ability to invest or require adjustments to your investment strategy. Additionally, upcoming large purchases, such as a home or education expenses, may influence your investment decisions. Your investment timeline and liquidity needs should be evaluated in light of these life events to ensure your investments align with your overall financial situation."
48,Reddit,Should travel expenses be made using Amex Cobalt or Wealthsimple Visa Card?,open_ended,llama-3.3-70b-versatile,"The American Express Cobalt Card is a better choice for travel expenses due to its higher earn rate of 5x points on dining, bars, and food delivery, as well as 3x points on streaming services, and 2x points on travel. Additionally, the Cobalt Card offers travel-related insurance, such as travel accident insurance and out-of-province/country emergency medical insurance. In contrast, the Wealthsimple Visa Card offers a flat 1% cashback rate on all purchases. Overall, the Amex Cobalt Card provides more rewards and benefits for travel expenses."
49,Reddit,What impact does a market bubble have on a retail investor?,factual,llama-3.3-70b-versatile,"A market bubble can have a significant impact on a retail investor, as it can lead to inflated asset prices and unrealistic expectations of future returns. If the bubble bursts, the investor may experience substantial losses as prices rapidly decline. Retail investors may also be more likely to buy into a bubble near its peak, as they often follow the crowd and invest based on recent performance. This can result in buying high and selling low, leading to poor investment outcomes. As a result, retail investors should be cautious and avoid chasing hot markets or investments."
50,Reddit,What is the impact of growth investment strategies on retail investors?,factual,llama-3.3-70b-versatile,"Growth investment strategies can provide retail investors with higher potential returns over the long term, but they also come with higher risks. These strategies typically involve investing in stocks or funds with high growth potential, such as technology or emerging markets. Retail investors who adopt growth strategies must be prepared for potential volatility and losses, and should have a well-diversified portfolio to mitigate risks. A growth strategy can be suitable for investors with a long-term horizon and a high risk tolerance."
52,Reddit,Does RBC have high fees for self-directed investing?,open_ended,llama-3.3-70b-versatile,"RBC's self-directed investing platform, RBC Direct Investing, charges a flat fee of $9.95 per trade for online equity trades. For active traders, this can be relatively low, but for buy-and-hold investors or those with smaller accounts, the fees may be considered high. Additionally, RBC charges an annual administration fee of $25 for registered accounts with balances under $15,000. However, this fee is waived for accounts with balances over $15,000. Overall, RBC's fees are competitive with other Canadian banks' self-directed investing platforms."
53,Reddit,What are the key differences between Active and Passive investment strategies before making an investment decision in Canada?,factual,llama-3.3-70b-versatile,"The key differences between Active and Passive investment strategies in Canada lie in their approach to managing investments. Active management involves a fund manager actively selecting securities to buy and sell in an attempt to outperform the market, whereas Passive management involves tracking a specific market index, such as the TSX. Active management typically comes with higher fees, while Passive management is often lower-cost. Additionally, Active management can be more tax-inefficient due to higher turnover rates, whereas Passive management tends to be more tax-efficient. This difference in approach can significantly impact investment returns and fees for Canadian investors."
54,CRA,How should one determine their investment strategy prior to investing?,open_ended,llama-3.3-70b-versatile,"To determine your investment strategy, start by assessing your financial goals, risk tolerance, and time horizon. Consider your income, expenses, debts, and savings to understand your overall financial situation. You should also evaluate your investment knowledge and experience to decide if you need professional advice or if you can manage your investments on your own. A well-diversified portfolio with a mix of low- and high-risk investments is often a good starting point. Your investment strategy should be tailored to your individual needs and goals."
55,Reddit,How does loss aversion impact a retail investor?,open_ended,llama-3.3-70b-versatile,"Loss aversion can significantly impact a retail investor's decision-making, as they tend to fear losses more than they value gains. This can lead to holding onto losing investments for too long, hoping to recoup losses, rather than cutting losses and moving on. It can also cause investors to be overly cautious, missing out on potential gains due to fear of losses. As a result, loss aversion can lead to suboptimal investment decisions and reduced portfolio performance. This emotional bias can be mitigated by setting clear investment goals and diversifying a portfolio."
56,Reddit,Millionaire homeowners struggling in retirement due to insufficient savings despite substantial home equity,open_ended,llama-3.3-70b-versatile,"Many Canadian homeowners are finding themselves struggling in retirement due to insufficient savings, despite having substantial home equity. This is often because they have not converted their home equity into a usable source of retirement income. To address this, some homeowners may consider downsizing, taking out a reverse mortgage, or using a home equity line of credit to supplement their retirement income. Alternatively, they may need to reduce their expenses or find ways to generate additional income in retirement. This highlights the importance of having a comprehensive retirement plan that goes beyond just home ownership."
57,Reddit,How does the time horizon impact investment goals for a retail investor?,open_ended,llama-3.3-70b-versatile,"A longer time horizon allows a retail investor to take on more risk and potentially earn higher returns, as they have more time to ride out market fluctuations. In contrast, a shorter time horizon requires a more conservative approach to preserve capital and ensure liquidity. Generally, a time horizon of 5 years or less is considered short-term, while 5-10 years is medium-term, and over 10 years is long-term. This timeframe helps investors determine the appropriate asset allocation and investment strategy to achieve their goals. A longer time horizon can also benefit from the power of compounding, leading to potentially greater wealth accumulation."
58,Reddit,What is the impact of budgeting during retirement on a retail investor?,open_ended,llama-3.3-70b-versatile,"Budgeting during retirement is crucial for a retail investor as it helps manage their fixed income and ensures their savings last throughout their golden years. A well-planned budget allows retirees to prioritize essential expenses, such as healthcare and housing, while also allocating funds for discretionary spending. By creating a retirement budget, investors can avoid overspending and make the most of their retirement savings, including Registered Retirement Income Funds (RRIFs) and other investments. This helps maintain their standard of living and reduces financial stress during retirement. Effective budgeting also enables retirees to make informed decisions about their investments and retirement income."
59,Reddit,Comparison between VFV and QQC from iShares versus VEQT from Vanguard in terms of return,open_ended,llama-3.3-70b-versatile,"VFV and QQC from iShares are ETFs that track the S&P 500 Index, while VEQT from Vanguard is an all-equity ETF that tracks the FTSE Canada All Cap Index and the FTSE All-World ex Canada Index. Historically, VFV and QQC have similar returns, closely mirroring the S&P 500 Index. VEQT, on the other hand, has provided returns that are more in line with the global equity market, with a mix of Canadian and international stocks. In terms of long-term returns, VFV and QQC have been similar, while VEQT's returns have been more diversified and slightly lower due to its broader geographic allocation."
61,Reddit,"Comparing XEQT, VEQT, and QQQ: Which has a better return on investment?",open_ended,llama-3.3-70b-versatile,"XEQT, VEQT, and QQQ are ETFs with different investment objectives. XEQT is a Canadian equity ETF, VEQT is a global equity ETF, and QQQ tracks the Nasdaq-100 index. Historically, QQQ has had higher returns due to its focus on US technology stocks, but it also comes with higher volatility. Over the long term, VEQT has provided more balanced returns with lower volatility, making it a better option for diversified portfolios. VEQT's returns are generally more stable than XEQT, which is heavily weighted in Canadian stocks."
62,Reddit,What is the impact of tracking investing returns on a retail investor?,factual,llama-3.3-70b-versatile,"Tracking investing returns helps retail investors evaluate their portfolio's performance and make informed decisions. It allows them to identify areas of strength and weakness, and adjust their investment strategy accordingly. Regularly monitoring returns also enables investors to assess their progress towards financial goals, such as retirement or a down payment on a house. By tracking returns, investors can refine their investment approach and potentially improve long-term outcomes. This discipline can also help investors stay focused and avoid emotional decisions based on short-term market fluctuations."
63,Reddit,"Is the S&P 500 a suitable investment option for an individual averse to high risk, given that they have additional funds?",open_ended,llama-3.3-70b-versatile,"The S&P 500 is generally considered a relatively stable investment option, as it tracks the performance of 500 large, established companies in the US. While it does come with some level of risk, its diversification can help mitigate this risk. For an individual averse to high risk with additional funds, investing a portion of their portfolio in the S&P 500 could be a suitable option, as it can provide long-term growth potential with relatively lower volatility. It's essential to assess their overall financial situation and goals before investing. A conservative investor may also consider a more balanced portfolio with a mix of low-risk investments."
64,Reddit,Is there a Smart or Recency Bias when investing in VEQT and VFV?,factual,llama-3.3-70b-versatile,"When investing in VEQT and VFV, there is a potential for recency bias, as these index funds track the Canadian and US markets, respectively. Recency bias occurs when investors make decisions based on recent market performance, rather than long-term trends. For example, if the US market has performed well recently, investors may be more likely to invest in VFV, even if the Canadian market is expected to perform better in the long term. This bias can lead to poor investment decisions and an unbalanced portfolio. VEQT and VFV are designed to track their respective markets, so it's essential to consider your overall investment goals and asset allocation rather than relying on recent market performance."
67,Reddit,"What are the influences of trading apps on investment behavior, specifically nudges prior to investing?",factual,llama-3.3-70b-versatile,"Trading apps can significantly influence investment behavior through various nudges, such as notifications, alerts, and visual cues, which can encourage or discourage investors from making certain trades. Prior to investing, these nudges can include risk assessments, portfolio recommendations, and educational content, aiming to inform and guide investors' decisions. Some apps also use gamification elements, like rewards or leaderboards, to nudge investors towards specific investment products or strategies. Additionally, apps may provide social proof, such as displaying popular trades or investor sentiment, to influence investment choices. These nudges can shape investors' behaviors and decisions, potentially leading to more informed or impulsive investment decisions."
68,Reddit,Does the VFV dividend match the S&P 500 dividend?,open_ended,llama-3.3-70b-versatile,"The VFV dividend is designed to track the S&P 500 Index, but it does not directly match the S&P 500 dividend. VFV is a Canadian-listed ETF that holds US stocks, and as a result, it is subject to a withholding tax on US dividends. This means that the dividend yield of VFV will be lower than the S&P 500 dividend yield due to the 15% withholding tax on US dividends paid to Canadian residents. However, the dividend payment schedule and frequency of VFV generally follow the S&P 500 dividend payment schedule."
69,CRA,Should I contribute to a Registered Retirement Savings Plan (RRSP) or not?,open_ended,llama-3.3-70b-versatile,"You should contribute to a Registered Retirement Savings Plan (RRSP) if you expect to be in a lower tax bracket in retirement than you are now. This is because RRSP contributions are tax-deductible, reducing your taxable income, and the funds grow tax-free until withdrawal. Contributing to an RRSP can also reduce your taxable income, potentially lowering the amount of taxes you pay. If you're in a high tax bracket now and expect to be in a lower one in retirement, RRSP contributions can be a good strategy. It's generally recommended to contribute to an RRSP if your income is above $50,000."
70,Reddit,How do behavioral biases impact a retail investor during market bubbles?,open_ended,llama-3.3-70b-versatile,"Behavioral biases can significantly impact a retail investor during market bubbles, leading to poor investment decisions. Confirmation bias can cause investors to overlook warning signs and focus on information that supports their existing views, while anchoring bias can lead to over-reliance on initial prices. Herd behavior can also drive investors to follow the crowd, buying into overvalued assets and exacerbating the bubble. Additionally, loss aversion can lead to a reluctance to sell, even as the bubble begins to burst, resulting in significant losses. This can lead to buying high and selling low, the opposite of a successful investment strategy."
71,CRA,Is the official Tax-Free Savings Account (TFSA) contribution room for the year 2024 $7000?,factual,llama-3.3-70b-versatile,"The official TFSA contribution room for 2024 has not been announced yet, but it is expected to be indexed to inflation. The 2023 TFSA contribution limit is $6,500. The Canada Revenue Agency typically announces the new TFSA limit for the upcoming year in November, so the 2024 limit will be confirmed then. It's possible the 2024 limit could be $7,000, but this has not been officially confirmed."
72,CRA,Our experience opening an FHSA: Yikes,factual,llama-3.3-70b-versatile,"The First Home Savings Account (FHSA) is a new registered account in Canada, introduced in 2023, designed to help individuals save for their first home. To open an FHSA, you must be a Canadian resident, at least 18 years old, and a first-time homebuyer. You can contribute up to $8,000 per year, with a lifetime limit of $40,000, and the account allows tax-deductible contributions and tax-free growth. Contributions to an FHSA are deductible from your taxable income, similar to an RRSP."
73,Reddit,What is the impact of a pension plan on a retail investor?,factual,llama-3.3-70b-versatile,"A pension plan can significantly impact a retail investor's financial situation, providing a predictable income stream in retirement. This can reduce the need to draw down on other investments, such as RRSPs or TFSAs, allowing them to last longer. As a result, investors with a pension plan may be able to take on more investment risk or maintain a higher equity allocation in their portfolio. Additionally, a pension plan can also affect tax planning and estate planning strategies for retail investors. Overall, a pension plan can provide greater financial security and flexibility for retail investors in retirement."
74,Reddit,"Is there a debate on high-interest ETFs among Bay Street participants, which have gained popularity among retail investors, leading to a federal review?",open_ended,llama-3.3-70b-versatile,"Yes, there is a debate on high-interest ETFs among Bay Street participants, with some expressing concerns about their risk and suitability for retail investors. These ETFs have gained significant popularity in recent years, prompting a federal review to assess their impact on the market and investors. The review aims to determine whether these products are being properly regulated and if investors are fully aware of the associated risks. Some industry experts argue that high-interest ETFs can be beneficial for investors seeking higher yields, while others warn of potential downsides. The federal review is expected to provide clarity on the regulation of these products."
75,Reddit,"Does home insurance have an impact on the financial investments of a retail investor, and if so, how and why?",open_ended,llama-3.3-70b-versatile,"Home insurance can have an indirect impact on the financial investments of a retail investor. If a homeowner experiences a significant loss or damage to their property, they may need to liquidate investments to cover the costs, potentially disrupting their long-term investment strategy. Additionally, the cost of home insurance premiums can affect a retail investor's cash flow, potentially reducing the amount available for investments. A well-structured home insurance policy can help mitigate these risks and protect a retail investor's overall financial portfolio. This can provide peace of mind and allow them to focus on their investment goals."
76,Reddit,How does the power of attorney impact a retail investor?,open_ended,llama-3.3-70b-versatile,"A power of attorney allows someone to act on behalf of a retail investor, making financial decisions and managing their investments if they become incapacitated. This can provide peace of mind for investors who want to ensure their financial affairs are handled according to their wishes. The appointed attorney-in-fact can buy and sell investments, pay bills, and make other financial decisions on the investor's behalf. It's essential for investors to choose a trusted individual to hold this power to avoid potential financial abuse."
77,Reddit,What is the importance and relevant information to consider about community outreach when making investment decisions?,factual,llama-3.3-70b-versatile,"Community outreach is important to consider when making investment decisions as it can impact a company's reputation and long-term success. Investing in companies that prioritize community outreach and social responsibility can lead to positive returns and align with personal values. Relevant information to consider includes a company's corporate social responsibility initiatives, charitable donations, and community engagement programs. This information can be found in a company's annual reports, sustainability reports, or through research on their website and news articles. By considering community outreach, investors can make more informed decisions that balance financial returns with social responsibility."
78,Reddit,Recommendations for pairing investments with the ETF VFV (iShares S&P/TSX 60 Index)?,open_ended,llama-3.3-70b-versatile,"To complement VFV, consider pairing it with an international equity ETF such as XAW (iShares Core S&P Total U.S. Stock Market ETF) or VEU (Vanguard FTSE All-World ex-US ETF) to diversify your portfolio. You can also add a bond ETF like XBB (iShares Core Canadian Universe Bond Index ETF) to reduce overall portfolio risk. Additionally, a real estate investment trust (REIT) ETF like VRE (Vanguard FTSE Canadian Capped REIT Index ETF) can provide further diversification. This combination can help create a balanced and diversified portfolio."
79,Reddit,What is the impact of tracking one's investment returns on a retail investor?,factual,llama-3.3-70b-versatile,"Tracking one's investment returns helps a retail investor assess their portfolio's performance and make informed decisions. It allows them to identify areas of strength and weakness, and adjust their investment strategy accordingly. Regular tracking also enables investors to stay on top of their financial goals and make adjustments to stay on track. By monitoring their returns, investors can also learn from their mistakes and refine their investment approach over time. This can lead to better long-term investment outcomes and increased confidence in their investment decisions."
80,OSC,What information should I expect when working with a financial advisor prior to investment?,open_ended,llama-3.3-70b-versatile,"When working with a financial advisor, you should expect to receive information about their qualifications, experience, and services offered. They should also provide you with a clear understanding of their fee structure and any potential conflicts of interest. Additionally, they will typically ask you to share personal financial information, such as income, expenses, and financial goals, to create a personalized investment plan. You should also expect to discuss and agree upon your risk tolerance and investment objectives. This information will help the advisor create a tailored investment strategy for you."
82,Reddit,How does 'Gaming the System' influence a Retail Investor in Online Trading?,open_ended,llama-3.3-70b-versatile,"Gaming the system in online trading refers to exploiting loopholes or biases in the market or trading platforms to gain an unfair advantage. For retail investors, this can lead to overconfidence and poor decision-making, as they may prioritize short-term gains over long-term strategies. It can also result in significant losses if the strategy is unsustainable or if the investor is caught by regulatory bodies. Additionally, gaming the system can distract retail investors from developing a solid understanding of investing principles and risk management. This can ultimately hinder their ability to achieve their financial goals."
83,Reddit,What is the impact of the 'Take the Love and Money Quiz' on a retail investor?,factual,llama-3.3-70b-versatile,"The ""Take the Love and Money Quiz"" is a tool designed to help couples understand their financial compatibility. By taking the quiz, retail investors can gain insight into their financial values, spending habits, and investment goals, which can lead to more informed investment decisions. It can also help identify potential areas of conflict and encourage open communication about financial matters. This increased awareness can ultimately lead to more effective financial planning and investing. The quiz can be a valuable resource for retail investors in committed relationships."
84,Reddit,"What risks should I consider before investing, specifically concerning the relationship between volatility and investment risk?",open_ended,llama-3.3-70b-versatile,"When investing, it's essential to consider the relationship between volatility and investment risk. Volatility refers to the fluctuations in the value of your investments, and higher volatility often corresponds to higher investment risk. Investments with higher potential returns, such as stocks, typically come with higher volatility and risk, while more conservative investments, like bonds, tend to be less volatile but offer lower returns. You should assess your personal risk tolerance and investment horizon to determine an appropriate balance between potential returns and volatility. This will help you make informed investment decisions that align with your financial goals and comfort level."
85,Reddit,What factors should be considered about family and friends prior to making investments?,open_ended,llama-3.3-70b-versatile,"When considering investments with family and friends, it's essential to evaluate their financial stability, credit history, and investment goals to ensure alignment with yours. You should also assess the potential impact on your personal relationships if the investment goes sour. Additionally, consider establishing a formal agreement outlining the terms and expectations of the investment to avoid misunderstandings. This can help mitigate risks and protect your relationships. A clear understanding of each party's roles and responsibilities is also crucial."
86,Reddit,What is a cost-effective and low/no-risk method for converting USD to CAD?,factual,llama-3.3-70b-versatile,"A cost-effective and low-risk method for converting USD to CAD is through a Canadian bank's borderless or US dollar account, which often offers competitive exchange rates and low or no fees. Another option is using a credit card with no foreign transaction fees, such as those offered by some Canadian banks and credit unions. You can also consider using a peer-to-peer currency exchange service like TransferWise or PayPal, which can provide better exchange rates than traditional banks. Additionally, some Canadian banks offer a US dollar conversion service with minimal fees, such as RBC's Borderless Account or TD's US Dollar Visa Card."
87,Reddit,Does the cash flow of small businesses impact the investments of retail investors?,open_ended,llama-3.3-70b-versatile,"The cash flow of small businesses can indirectly impact the investments of retail investors, particularly if they invest in small business owners' retirement accounts or loans. Small businesses that struggle with cash flow may be more likely to default on loans or withdraw from investments, affecting retail investors' returns. Additionally, a strong small business sector can boost the overall economy, leading to increased consumer spending and confidence, which can positively impact retail investments. Retail investors who invest in small business owners' investments, such as private loans or equity, may be more directly affected by cash flow issues. This can lead to a higher risk of investment losses."
88,Reddit,Does Wealthsimple offer a wider bid-ask spread for VEQT compared to XEQT?,open_ended,llama-3.3-70b-versatile,"Wealthsimple's VEQT has a slightly wider bid-ask spread compared to XEQT, which is a similar all-equity ETF offered by iShares. The difference in bid-ask spreads between the two ETFs is relatively small, but XEQT tends to have a tighter spread. This is because XEQT is a more established and widely traded ETF, which can lead to more liquidity and narrower spreads. As a result, XEQT may be a more cost-effective option for investors."
89,Reddit,What key points should be considered about research and reports prior to making an investment?,open_ended,llama-3.3-70b-versatile,"When evaluating research and reports, consider the credibility and objectivity of the source, as well as any potential biases or conflicts of interest. Look for reports from reputable firms and analysts with a track record of accurate predictions. It's also essential to understand the methodology and assumptions used in the research, and to be wary of overly optimistic or pessimistic forecasts. Additionally, consider multiple sources and perspectives to form a well-rounded view of the investment opportunity."
90,CRA,Is there any advantage to contributing to an RRSP if one expects to be in a high tax bracket upon retirement?,open_ended,llama-3.3-70b-versatile,"Contributing to a Registered Retirement Savings Plan (RRSP) may not be the most beneficial strategy if you expect to be in a high tax bracket in retirement. This is because RRSP withdrawals are taxed as ordinary income, so you'll be paying taxes at your higher retirement tax rate. If you expect to be in a high tax bracket in retirement, it may be more advantageous to prioritize tax-free savings vehicles, such as a Tax-Free Savings Account (TFSA). Additionally, you may want to consider contributing to a Registered Retirement Account that allows for tax-free growth, but is not taxed upon withdrawal, like a TFSA. This can help minimize your tax liability in retirement."
91,Reddit,What is the impact on a retail investor when closing a bank account?,factual,llama-3.3-70b-versatile,"When a retail investor closes a bank account, they will no longer have access to the account and its associated services. Any automatic transactions, such as bill payments or investment transfers, will need to be updated to reflect the new account information. The investor may also need to update their investment accounts, such as TFSA or RRSP, to reflect the change in banking information. Additionally, any debit cards or credit cards associated with the closed account will be cancelled."
92,CRA,Is it advisable to purchase the ETF 'VFV' within a Registered Retirement Savings Plan (RRSP) account?,open_ended,llama-3.3-70b-versatile,"Purchasing VFV, which tracks the S&P 500 Index, within a Registered Retirement Savings Plan (RRSP) account can be a good option for Canadian investors seeking US market exposure. Since VFV is a US-dollar denominated ETF, holding it in an RRSP can help avoid withholding taxes on US dividend income. This can be beneficial for tax-efficient investing. However, it's essential to consider your overall portfolio diversification and investment goals before making a decision. VFV can be a core holding in a diversified portfolio within an RRSP."
93,Reddit,Is Wealthsimple's Chequing Account used as a credit card?,open_ended,llama-3.3-70b-versatile,"Wealthsimple's Chequing Account is not a credit card, but rather a no-fee, high-interest savings account that comes with a debit card. The debit card can be used for everyday purchases, but it does not offer credit. Transactions are deducted directly from the account balance, and users must have sufficient funds to make a purchase. The debit card can be used online, in-store, or at ATMs, and it's accepted wherever Visa is accepted."
94,Reddit,What are the key considerations for prioritizing one's own interests when making investment decisions?,factual,llama-3.3-70b-versatile,"When making investment decisions, prioritize your own interests by considering your personal financial goals, risk tolerance, and time horizon. Assess your current financial situation, including income, expenses, debts, and savings. Align your investment choices with your goals, such as retirement savings or a down payment on a home. Additionally, evaluate your comfort level with market volatility and adjust your portfolio accordingly. This self-focused approach will help you make informed decisions that meet your unique needs."
95,Reddit,What impact does 'Take the Stress Out of Budgeting' have on a Retail Investor?,factual,llama-3.3-70b-versatile,"""Take the Stress Out of Budgeting"" helps a retail investor by providing a clear understanding of their financial situation, allowing them to make informed investment decisions. It enables them to prioritize their expenses, manage debt, and allocate funds effectively towards investments. By reducing financial stress, investors can focus on long-term goals, such as retirement savings or wealth accumulation. This, in turn, can lead to more disciplined and successful investment strategies. Effective budgeting also reduces the risk of overspending and improves overall financial stability."
96,CRA,Is it advisable to open a First Home Savings Account (FHSA) if one is not planning on purchasing a home?,open_ended,llama-3.3-70b-versatile,"It's not advisable to open a First Home Savings Account (FHSA) if you're not planning on purchasing a home, as the account's purpose is to help individuals save for a first home purchase. The FHSA offers tax benefits, but if you don't intend to use the funds for a home purchase, you may face penalties or taxes on withdrawals for other purposes. You may want to consider alternative tax-advantaged accounts, such as a Tax-Free Savings Account (TFSA) or a Registered Retirement Savings Plan (RRSP), which offer more flexibility. These accounts can provide tax benefits without the restriction of using the funds for a first home purchase."
97,Reddit,What is the impact of checking account operations on a retail investor?,factual,llama-3.3-70b-versatile,"Checking account operations can have a significant impact on a retail investor's overall financial situation. Monthly maintenance fees, overdraft charges, and ATM fees can erode investment returns and reduce cash available for investment. Additionally, high-interest savings accounts and tax-free savings accounts (TFSAs) linked to checking accounts can help optimize cash management and investment strategies. Effective management of checking account operations can help retail investors minimize fees and maximize returns. This can also help maintain a stable financial foundation for long-term investing."
99,Reddit,What key questions should one consider before making an investment?,open_ended,llama-3.3-70b-versatile,"Before making an investment, consider your financial goals, risk tolerance, and time horizon. You should also assess your current financial situation, including your income, expenses, and debt. Additionally, think about the fees associated with the investment, the potential returns, and the level of diversification it will bring to your portfolio. It's also important to understand the investment product itself, including its underlying assets and any potential risks."
100,Reddit,What information should be expected during a first meeting before investing in Canada?,open_ended,llama-3.3-70b-versatile,"During a first meeting with a financial advisor in Canada, you should expect to discuss your financial goals, risk tolerance, and investment objectives. The advisor will likely ask about your income, expenses, assets, and debts to understand your overall financial situation. You should also expect to receive information about the advisor's services, fees, and investment products they offer. Additionally, the advisor may provide an overview of their investment philosophy and approach to managing client portfolios. This meeting is an opportunity to assess whether the advisor is a good fit for your needs."
101,Reddit,What is the impact of spending more than earning on a retail investor?,factual,llama-3.3-70b-versatile,"Spending more than earning can lead to debt accumulation, reduced savings, and a decreased ability to invest for a retail investor. This can result in a significant setback to their long-term financial goals, such as retirement savings or wealth accumulation. As debt grows, a larger portion of their income will be allocated towards interest payments, further limiting their ability to invest. Ultimately, this can lead to a cycle of debt and financial instability."
102,Reddit,Comparison between Wealthsimple and Major Canadian Banks for Investment Services,open_ended,llama-3.3-70b-versatile,"Wealthsimple is a popular robo-advisor offering low-fee investment services, with management fees ranging from 0.4% to 0.5%. In comparison, major Canadian banks such as RBC, TD, and CIBC offer investment services through their full-service brokerage arms, but often with higher fees. The banks' fees can range from 1% to 2.5% or more, depending on the type of account and services used. Wealthsimple's automated investment platform can be a more cost-effective option for DIY investors, while the banks may be more suitable for those seeking personalized advice and a wider range of investment products. Overall, Wealthsimple's lower fees make it an attractive alternative to traditional bank investment services."
103,CRA,Is there a specific question related to foreign stock investments on a Canadian tax return?,factual,llama-3.3-70b-versatile,"On a Canadian tax return, foreign stock investments are reported on Schedule 3, Capital Gains (or Losses). You will need to report any foreign dividends earned and claim the foreign tax credit on Line 405 of your tax return. Additionally, if you have foreign investments, you may need to complete Form T1135, Foreign Asset Verification Statement, if the total cost of your foreign assets exceeds $10,000. This form is used to report specified foreign property."
104,Reddit,What are the essential elements of an Investment Policy Statement (IPS) prior to investing?,factual,llama-3.3-70b-versatile,"An Investment Policy Statement (IPS) should include your investment objectives, risk tolerance, and time horizon. It should also outline your asset allocation strategy, including the types of investments to be held and their target weights. Additionally, an IPS should specify any constraints, such as income requirements or tax considerations, and outline the criteria for selecting and evaluating investments. This document will serve as a guide for making investment decisions and help you stay on track with your financial goals. A well-crafted IPS will also help you avoid emotional decisions based on market fluctuations."
106,Reddit,"Is holding multiple ETFs such as VDY, VFV, and XEQT excessively diversified for personal finance and investing?",open_ended,llama-3.3-70b-versatile,"Holding multiple ETFs like VDY, VFV, and XEQT may be considered excessively diversified, as they have similar investment objectives and hold many of the same underlying stocks. VDY and VFV are Canadian dividend ETFs, while XEQT is a Canadian equity ETF, so there is some overlap in their holdings. This overlap can lead to unnecessary complexity and higher fees. A more streamlined approach might be to hold one or two broadly diversified ETFs, such as XEQT or a combination of a Canadian and US equity ETF. This can help simplify your portfolio and reduce overall costs."
107,Reddit,What is the impact of an executor on a retail investor's portfolio?,open_ended,llama-3.3-70b-versatile,"An executor is responsible for managing and distributing a deceased person's estate, including their investment portfolio. If the retail investor has named an executor in their will, this person will take control of the portfolio upon the investor's passing. The executor will be responsible for making decisions about the portfolio, such as selling or holding assets, and distributing the proceeds according to the will. This can impact the portfolio's performance and tax implications, as the executor's decisions may differ from the investor's original intentions. The executor's role can also lead to potential delays or changes in the portfolio's management."
108,Reddit,Explain in layman's terms the difference between Wealthsimple Direct Indexing and a passive ETF such as VFV,open_ended,llama-3.3-70b-versatile,"Wealthsimple Direct Indexing and a passive ETF like VFV are both low-cost investment options, but they work differently. A passive ETF like VFV tracks a specific index, such as the S&P 500, by holding a representative sample of the index's constituents. In contrast, Wealthsimple Direct Indexing buys the actual underlying stocks in the index, rather than holding an ETF that tracks the index. This approach can be more tax-efficient and reduce tracking error, but may also require more administrative work. Overall, Direct Indexing provides more direct ownership and control, while an ETF like VFV offers greater convenience and simplicity."
109,Reddit,What are essential factors to consider about bank accounts prior to making an investment?,factual,llama-3.3-70b-versatile,"When considering bank accounts for investment, essential factors to consider include the account type, such as a high-interest savings account or a tax-free savings account (TFSA). The interest rate and any associated fees are also crucial, as they can impact your investment returns. Additionally, consider the account's liquidity and accessibility, as well as any minimum balance requirements or restrictions on withdrawals. Understanding these factors can help you choose a bank account that aligns with your investment goals and needs."
111,Reddit,Under what circumstances might a change in risk profile impact my investment decisions?,open_ended,llama-3.3-70b-versatile,"A change in risk profile may impact your investment decisions if you experience a significant life event, such as retirement, marriage, or having children. As your financial situation and goals evolve, your tolerance for risk may decrease, leading you to shift towards more conservative investments. Conversely, if you're younger or have a longer time horizon, you may be able to take on more risk in pursuit of higher returns. A change in income, assets, or debt levels can also influence your risk profile and investment choices. This may prompt you to reassess your portfolio and adjust your investment strategy accordingly."
112,Reddit,What key factors should be considered in financial preparation for retirement prior to investing?,open_ended,llama-3.3-70b-versatile,"When preparing for retirement, key factors to consider include estimating your retirement expenses, determining your desired retirement age, and calculating your required retirement savings. You should also consider your debt, income, and existing savings to create a comprehensive financial plan. Additionally, understanding your retirement goals, such as travel or hobbies, can help you determine how much you need to save. A clear picture of your financial situation and goals will help guide your investment decisions."
113,Reddit,The individual is about to inherit a significant amount of money.,open_ended,llama-3.3-70b-versatile,"Consider consulting a financial advisor to create a personalized plan for managing the inheritance. It's essential to understand the tax implications and potential obligations, such as debts or liabilities, associated with the inheritance. You may want to allocate a portion to tax-advantaged accounts like a TFSA or RRSP, while also setting aside an emergency fund and paying off high-interest debt. A well-structured plan can help you make the most of your inheritance and achieve long-term financial goals."
114,Reddit,Is Wealthsimple Tax considered good for personal tax filing?,open_ended,llama-3.3-70b-versatile,"Wealthsimple Tax is a well-regarded option for personal tax filing in Canada, offering a free and user-friendly platform for simple tax returns. It supports various tax credits and deductions, including medical expenses and charitable donations. The service also provides audit protection and support from certified tax professionals. Overall, Wealthsimple Tax is a good choice for individuals with straightforward tax situations, but those with more complex tax needs may require additional support."
116,Reddit,What is the impact of self-management on a retail investor's financial performance?,factual,llama-3.3-70b-versatile,"Self-management can have a significant impact on a retail investor's financial performance, as it allows for more control over investment decisions and potentially lower fees. However, it also increases the risk of emotional decision-making and requires a significant amount of time and expertise to manage effectively. Studies have shown that self-managed portfolios often underperform professionally managed portfolios, particularly for investors with limited experience or knowledge. To mitigate this risk, retail investors can consider a hybrid approach, combining self-management with professional guidance or using low-cost index funds. This can help balance control with expertise and minimize costs."
117,Reddit,What is the impact of checking one's knowledge about cryptocurrency on a retail investor?,factual,llama-3.3-70b-versatile,"Checking one's knowledge about cryptocurrency can help a retail investor make informed decisions and avoid potential pitfalls. It allows them to understand the risks and benefits associated with investing in cryptocurrencies, such as Bitcoin or Ethereum. By assessing their knowledge, investors can identify areas where they need more education or guidance, reducing the likelihood of making impulsive or uninformed investment decisions. This self-assessment can also help investors set realistic expectations and develop a suitable investment strategy."
118,Reddit,What is the impact of the risk-return relationship on investment decisions?,factual,llama-3.3-70b-versatile,"The risk-return relationship has a significant impact on investment decisions, as it suggests that investments with higher potential returns typically come with higher levels of risk. Investors must balance their desire for returns with their tolerance for risk, and those who are more risk-averse may opt for lower-return investments with greater stability. Conversely, investors who are willing to take on more risk may pursue higher-return investments, such as stocks or real estate. This relationship influences portfolio construction and asset allocation, as investors seek to optimize their returns while managing risk. Ultimately, understanding the risk-return relationship helps investors make informed decisions that align with their financial goals and risk tolerance."
119,Reddit,What is the impact of preparing for financial emergencies on a retail investor?,factual,llama-3.3-70b-versatile,"Preparing for financial emergencies helps a retail investor avoid going into debt or being forced to sell investments at unfavorable times. Having an emergency fund in place provides a cushion against unexpected expenses, reducing financial stress and allowing investors to stay focused on their long-term investment goals. This fund can be held in a high-interest savings account or other liquid investments, such as a Tax-Free Savings Account (TFSA) or a money market fund. By being prepared, retail investors can ride out market fluctuations and avoid making impulsive decisions that can harm their investment portfolio. This helps them stay on track to achieve their financial objectives."
120,Reddit,"What is the best low-risk investment option for a Canadian resident to put $17,000 into for one year?",factual,llama-3.3-70b-versatile,"A high-interest savings account (HISA) is a low-risk option for a Canadian resident to invest $17,000 for one year. HISAs are insured by the Canada Deposit Insurance Corporation (CDIC) or provincial equivalents, protecting deposits up to $100,000. You can expect to earn around 2-3% interest per annum, depending on the institution and market conditions. Some popular HISA options in Canada include EQ Bank, Tangerine, and Scotiabank. This option provides easy access to your money and minimal risk."
121,CRA,What is the impact of a Tax-Free Savings Account (TFSA) on a retail investor?,factual,llama-3.3-70b-versatile,"A Tax-Free Savings Account (TFSA) allows a retail investor to earn investment income tax-free, including capital gains and dividends. This means that investments held within a TFSA will not trigger taxes, providing more money for retirement or other savings goals. The TFSA also provides flexibility, as withdrawals are tax-free and can be made at any time. By utilizing a TFSA, retail investors can optimize their after-tax returns and keep more of their investment earnings. This can lead to significant long-term savings and increased wealth over time."
122,Reddit,What risks should I consider before investing in actively managed ETFs?,open_ended,llama-3.3-70b-versatile,"When investing in actively managed ETFs, consider the risk of higher fees compared to index-tracking ETFs, as well as the potential for underperformance relative to the benchmark. There is also the risk that the fund manager's investment strategy may not align with your personal investment goals or risk tolerance. Additionally, actively managed ETFs can be more volatile due to the manager's ability to make significant changes to the portfolio. You should also consider the risk of style drift, where the fund's investment approach deviates from its stated objective."
124,Reddit,What are the key points to consider when making it simpler to accumulate funds prior to investment?,factual,llama-3.3-70b-versatile,"To accumulate funds prior to investment, consider setting a budget and tracking expenses to identify areas for cost reduction. Automating savings through pre-authorized transfers can also help build your investment fund. Additionally, taking advantage of tax-advantaged accounts such as a Tax-Free Savings Account (TFSA) or Registered Retirement Savings Plan (RRSP) can help your savings grow more efficiently. Prioritizing needs over wants and avoiding debt can also free up more money for savings."
126,Reddit,Is it more common than previously thought for Canadians to retire with little savings?,open_ended,llama-3.3-70b-versatile,"Yes, many Canadians are retiring with little savings, and this trend is more common than previously thought. According to recent data, nearly half of Canadian retirees rely on government benefits as their primary source of income. A significant number of Canadians are not saving enough for retirement, with some surveys suggesting that up to 60% of retirees have less than $100,000 in savings. This highlights the need for Canadians to prioritize retirement savings and plan carefully for their golden years. As a result, many are having to adjust their retirement expectations and lifestyles."
127,Reddit,What is the role and importance of a Trusted Contact Person for a retail investor in Canada?,factual,llama-3.3-70b-versatile,"A Trusted Contact Person (TCP) is an individual designated by a retail investor to receive information about their account if the investment firm has concerns about the investor's financial well-being or suspects financial exploitation. The TCP can provide support and help prevent potential financial harm. Investors can voluntarily add a TCP to their account, and investment firms are required to inform investors about the option to designate a TCP. The TCP plays a crucial role in helping to protect vulnerable investors, particularly seniors, from financial abuse and exploitation."
128,Reddit,How does giving financial advice on social media impact a retail investor?,open_ended,llama-3.3-70b-versatile,"Giving financial advice on social media can impact a retail investor by influencing their investment decisions, potentially leading to uninformed or risky choices. Social media platforms often lack the nuance and context necessary for comprehensive financial planning, and advice may not be tailored to an individual's specific circumstances. Additionally, social media advice may not be regulated or provided by qualified professionals, which can further increase the risk of poor investment decisions. This can result in significant financial losses for the retail investor."
129,CRA,"What is the financial impact on retirement savings (RRSP) for an individual with a salary jump from $80,000 to $200,000, no existing RRSP funds, and $42,000 in student debt?",open_ended,llama-3.3-70b-versatile,"With a salary jump from $80,000 to $200,000, the individual's RRSP contribution room will increase significantly. Assuming they contribute 18% of their income to RRSP, their annual contribution would rise from $14,400 to $36,000. However, it's likely beneficial for them to prioritize paying off their $42,000 student debt, which may have a higher interest rate than their expected RRSP returns. Once the debt is paid off, they can focus on maximizing their RRSP contributions to take advantage of the tax benefits and compound growth. This strategy can help them build a substantial retirement nest egg over time."
130,Reddit,How can one minimize Sequence of Returns Risk near retirement in personal finance and investing?,open_ended,llama-3.3-70b-versatile,"To minimize Sequence of Returns Risk near retirement, consider creating a bond ladder or allocating a portion of your portfolio to fixed income investments, such as GICs or high-interest savings accounts, to cover 5-7 years of living expenses. This approach can help reduce your reliance on volatile equity markets during the early years of retirement. Additionally, consider implementing a dynamic withdrawal strategy, where you adjust your annual withdrawals based on market performance. You can also consider using a tax-efficient withdrawal strategy, such as the ""4% rule"" or a hybrid approach, to manage your retirement income. This can help mitigate the impact of sequence of returns risk on your retirement portfolio."
132,Reddit,"Is purchasing a condo currently considered a poor investment, as suggested by the article?",open_ended,llama-3.3-70b-versatile,"Purchasing a condo can be a poor investment in certain markets, particularly in areas with high supply and low demand. The article likely suggests this due to factors such as overbuilding, high maintenance fees, and potential for declining property values. In Canada, cities like Toronto and Vancouver have seen a surge in condo development, which may lead to a surplus of units and decreased investment potential. However, it's essential to evaluate the local market and consider individual circumstances before making a decision. A condo can still be a good investment in areas with limited supply and growing demand."
133,Reddit,How does the approach of asking questions and then asking more questions impact a retail investor?,open_ended,llama-3.3-70b-versatile,"Asking questions and then asking more questions helps a retail investor clarify their investment goals and risk tolerance. This approach enables them to gather more information and make informed decisions about their investments. By continuing to ask questions, investors can identify potential pitfalls and opportunities, leading to more effective portfolio management. This iterative questioning process also fosters a deeper understanding of investment products and strategies, reducing the likelihood of costly mistakes. Ultimately, it leads to more confident and informed investment decisions."
134,Reddit,I want to start investing in stocks (Canadian context),open_ended,llama-3.3-70b-versatile,"You can start investing in stocks through a brokerage account with a Canadian online broker such as Questrade, Wealthsimple, or RBC Direct Investing. These platforms allow you to buy and sell stocks listed on the Toronto Stock Exchange (TSX) and other North American exchanges. You can fund your account via electronic funds transfer from your bank account and then place trades online or through a mobile app. It's a good idea to start with a tax-free savings account (TFSA) or registered retirement savings plan (RRSP) to minimize taxes on your investments."
135,Reddit,"How relevant is a 20% Global ETF and 80% Bond portfolio today, in terms of personal finance and investing?",open_ended,llama-3.3-70b-versatile,"A 20% Global ETF and 80% Bond portfolio is a conservative investment approach, suitable for investors seeking low risk and stable returns. This portfolio allocation is relevant for those nearing retirement or with low risk tolerance, as bonds provide regular income and relatively low volatility. However, for younger investors or those with a longer time horizon, this allocation may be too conservative, potentially leading to lower long-term returns. It may be more suitable as a retirement income portfolio or for investors prioritizing capital preservation."
136,CRA,What are the consequences of exceeding the contribution limit for Federal Home Savings Account (FHSA) tax deductions?,factual,llama-3.3-70b-versatile,"Exceeding the contribution limit for a Federal Home Savings Account (FHSA) will result in a tax penalty. The Canada Revenue Agency (CRA) will charge a penalty of 1% per month on the excess amount. To avoid the penalty, you can either withdraw the excess amount or transfer it to a Registered Retirement Savings Plan (RRSP) if eligible. The FHSA has a lifetime contribution limit of $40,000, with an annual contribution limit of $8,000."
137,Reddit,What factors should be considered when comparing investment products and services in Canada?,factual,llama-3.3-70b-versatile,"When comparing investment products and services in Canada, consider factors such as fees and commissions, investment returns, risk level, and diversification options. You should also evaluate the reputation and stability of the financial institution, as well as the level of customer service and support provided. Additionally, consider the investment minimums, withdrawal rules, and tax implications of each product. It's also important to assess whether the investment aligns with your financial goals and risk tolerance."
138,Reddit,"What risks should I consider before investing, given my risk profile?",open_ended,llama-3.3-70b-versatile,"As a Canadian investor, you should consider market risk, credit risk, and liquidity risk when evaluating investments. Your risk profile will also influence your sensitivity to inflation risk, interest rate risk, and currency risk. If you're conservative, you may want to focus on fixed-income investments, while a more aggressive profile may lead you to consider equities or alternative investments. It's essential to assess your personal comfort level with potential losses and adjust your investment strategy accordingly. A diversified portfolio can help mitigate some of these risks."
139,Reddit,How does understanding cryptocurrency trading platforms impact a retail investor?,open_ended,llama-3.3-70b-versatile,"Understanding cryptocurrency trading platforms is crucial for retail investors as it helps them navigate the complex world of digital assets. Knowledge of platforms such as Coinbase, Binance, or Kraken enables investors to make informed decisions about where to buy, sell, and store their cryptocurrencies. This understanding also allows investors to assess fees, security measures, and available trading pairs, ultimately helping them to manage risk and potential returns. By being familiar with these platforms, retail investors can better execute their investment strategies and achieve their financial goals. This knowledge can also help investors avoid common pitfalls and scams in the cryptocurrency market."
140,CRA,Transferring Stocks from a Non-Registered Account to a Tax-Free Savings Account (TFSA),factual,llama-3.3-70b-versatile,"To transfer stocks from a non-registered account to a TFSA, you will need to initiate a transfer with your financial institution. You can do this by contacting your bank or investment firm and requesting the transfer, which may involve filling out a form. The transfer will be considered a deemed disposition, triggering a capital gain or loss, and you will need to report this on your tax return. The transferred amount cannot exceed your available TFSA contribution room. Any gains or income earned on the stocks after the transfer will be tax-free."
141,CRA,"At age 18, should one choose a Federal Home Savings Account (FHSA) over a Tax-Free Savings Account (TFSA)?",factual,llama-3.3-70b-versatile,"At age 18, a Tax-Free Savings Account (TFSA) is likely a better choice than a First Home Savings Account (FHSA) because it offers more flexibility. The FHSA is specifically designed for first-time homebuyers, with restrictions on withdrawals for other purposes. A TFSA, on the other hand, allows tax-free growth and withdrawals for any purpose, making it a more versatile option for young adults. Additionally, contributions to a TFSA are not limited to a specific goal like buying a home. This flexibility makes a TFSA a more appealing choice for 18-year-olds with uncertain long-term plans."
142,Reddit,What are the costs associated with LSIFs (Liquefied Natural Gas Infrastructure Funds) that an investor should consider before investing?,factual,llama-3.3-70b-versatile,"The costs associated with LSIFs, also known as energy infrastructure funds, include management fees, operating expenses, and other charges. These fees can range from 0.5% to 2.5% of the fund's net asset value annually. Additionally, investors may also incur trading costs, such as brokerage commissions, when buying or selling units of the fund. It's also important to consider any potential withholding taxes on foreign investments held within the fund. Overall, these costs can eat into an investor's returns, so it's essential to carefully review the fund's prospectus and fee structure before investing."
143,Reddit,What aspects of transparency are important to consider before making an investment in Canada?,factual,llama-3.3-70b-versatile,"In Canada, key aspects of transparency to consider before making an investment include clear and detailed fee disclosures, regular portfolio updates, and easy access to investment holdings information. Investors should also look for transparent investment objectives, risk tolerance, and strategy disclosures. Additionally, transparency around investment manager experience, track record, and decision-making processes is crucial. The investment provider's website and customer service should also provide straightforward and timely information. This helps investors make informed decisions and monitor their investments effectively."
144,Reddit,What key points should investors consider regarding the DSC ban prior to investment?,open_ended,llama-3.3-70b-versatile,"Investors should consider that the DSC (Deferred Sales Charge) ban, which took effect in 2020, eliminates the use of DSC fees for new investments in mutual funds. This means that investors will no longer be charged a penalty for redeeming their investments within a certain time frame. Instead, investors may be subject to lower upfront fees or other sales charge structures. Investors should review the new fee structures and understand the implications before making investment decisions. This change aims to promote transparency and reduce costs for investors."
145,Reddit,"What should one consider when budgeting for the first time while living independently, prior to investing?",open_ended,llama-3.3-70b-versatile,"When budgeting for the first time while living independently, consider tracking your income and expenses to understand where your money is going. Categorize your expenses into needs such as rent, utilities, and groceries, and wants such as entertainment and hobbies. Allocate 50-30-20, where 50% of your income goes towards needs, 30% towards wants, and 20% towards saving and debt repayment. You should also prioritize building an emergency fund to cover 3-6 months of living expenses. This foundation will help you make informed investment decisions later on."
146,Reddit,What should an investor consider when considering investment product and service recommendations prior to investing?,open_ended,llama-3.3-70b-versatile,"An investor should consider their personal financial goals, risk tolerance, and time horizon when evaluating investment product and service recommendations. They should also assess their current financial situation, including income, expenses, assets, and debts. Additionally, investors should understand the fees associated with the recommended investments and ensure they align with their overall financial objectives. It's also important to verify the credentials and experience of the person providing the recommendation."
147,Reddit,Should I switch from a sector fund to XEQT (iShares Core S&P Total U.S. Stock Market ETF) or North American Value Fund?,open_ended,llama-3.3-70b-versatile,"You may consider switching to XEQT for broader diversification and lower fees, as it tracks the total US stock market. XEQT has a lower management expense ratio (MER) compared to many sector funds. In contrast, the North American Value Fund may have a higher MER and a more concentrated portfolio, which could increase risk. If you're looking for a low-cost, diversified US equity holding, XEQT might be a better fit."
148,Reddit,What are the thoughts on a high-risk investment strategy for a $700k inheritance managed by an individual with a high risk tolerance (aged 27)?,open_ended,llama-3.3-70b-versatile,"A high-risk investment strategy for a $700k inheritance could involve allocating a significant portion to stocks, particularly those in emerging markets or growth sectors. This approach may be suitable for a 27-year-old with a high risk tolerance, as they have a long time horizon to ride out market fluctuations. A potential allocation could be 70-80% equities and 20-30% fixed income or alternative investments. However, it's essential to diversify the portfolio to minimize risk, and consider tax-efficient investing through registered accounts such as a TFSA or RRSP. Regular portfolio rebalancing will also be crucial to manage risk and stay on track with investment goals."
149,Reddit,Which specific stocks should I consider investing in? Could you explain the process for determining which stocks to buy? My current knowledge is limited to investments such as XEQT and XGRO.,open_ended,llama-3.3-70b-versatile,"You can consider investing in established Canadian companies such as Royal Bank of Canada (RY), Toronto-Dominion Bank (TD), and Enbridge (ENB). To determine which stocks to buy, start by identifying your investment goals and risk tolerance, then research individual companies, their financials, and industry trends. You can also consider sector-specific ETFs like XEI (energy) or XFN (financials) to diversify your portfolio. Additionally, look into dividend-paying stocks like Fortis (FTS) or Canadian Utilities (CU) for regular income."
