cleaned_question,source,source_url,evidence_text
Is it difficult not to experience a fear of missing out (FOMO) when considering real estate investment opportunities in Canada?,Reddit,,
Is the individual (dad) aged 55 lacking sufficient funds for retirement?,Reddit,,
"Given a savings of approximately CAD 100,000, should the individual opt for purchasing a condo or continue investing?",Reddit,,
What is the fate of individual stocks held within an RRSP upon death?,CRA,,
"Is moving funds from WealthSimple's managed portfolios (Growth Portfolio-9 for High Risk and Balanced -5 for Medium Risk) into individual ETFs XEQT (High Risk), VGRO, and XGRO (Balanced Risk) a cost-effective decision?",Reddit,,
"What risks should one consider before investing, specifically focusing on the different types of investment risks?",Reddit,,
What information is important to know about Get Smarter About Trading before making an investment?,Reddit,,
What is the impact of an FAQ (Frequently Asked Questions) from the Ontario Securities Commission's (OSC) Community on a retail investor?,OSC,,
What are some suitable ETFs that could complement VFV in a portfolio?,Reddit,,
How does the type of investment advice influence a retail investor?,Reddit,,
What are the consequences of only investing at market peaks?,Reddit,,
What are important factors to consider before investing in Digital Tokens?,Reddit,,
Should I invest in OMERS instead of purchasing XEQT with the same amount of money?,Reddit,,
What key points should be considered about the impact of a recession on investments prior to investing?,Reddit,,
What impact does reviewing an estate plan have on a retail investor?,Reddit,,
"What does the statement 'You're young, you can tolerate more risk' mean in the context of personal finance and investing?",Reddit,,
Considering using CASH.TO rather than Wealthsimple Cash for temporary savings,Reddit,,
Why is the investment in VFV (a Canadian all-capitalization ETF) yielding a perceived low return?,CRA,,
What is the impact of overconfidence bias on financial decisions prior to investing?,Reddit,,
What is Wealthsimple's risk tolerance for investment portfolios?,Reddit,,
Is it possible to contribute less to my RRSP since I am paying for CPP2?,CRA,,
How do trading apps' potential influences on behavior impact retail investors?,Reddit,,
Is it advisable to utilize investments for mortgage repayment?,Reddit,,
What is the impact of research and reports on a retail investor?,Reddit,,
Comparing Mutual Funds and Exchange-Traded Funds (ETFs),OSC,,
Should I Invest in XEQT Permanently?,Reddit,,
What risks should I consider before investing in why does risk matter in investing?,Reddit,,
What is the impact of family and friends on a retail investor in Canada?,Reddit,,
What key information is essential to understand about how annuities function before making an investment?,Reddit,,
How to reduce risk in a pension?,Reddit,,
Should one utilize RRSP and FHSA deductions if there is no outstanding tax liability?,CRA,,
Is it true that BMO now offers commission-free trading for several Exchange-Traded Funds (ETFs)?.,Reddit,,
At what point should contributions be made to a Registered Retirement Savings Plan (RRSP)?,CRA,,
"Which is the best additional ETF to gain more technology exposure, given that XEQT is currently held?",Reddit,,
What is the impact of regularly reviewing account statements on a retail investor?,Reddit,,
"What is the percentage of Canadians retiring with an annual income less than $15,000 and those retiring with $60,000 or more, and are these figures accurate? If not, what are the actual percentages and does this include me (the respondent) in the 51% group?",CRA,,
Reporting of Foreign Assets by US Stocks,CRA,,
How does one effectively invest personal funds in legitimate investment opportunities?,Reddit,,
"Should I sell my $30,000 Pokemon collection to max out my TFSA (Tax-Free Savings Account) and FHSA (First Home Savings Account)?",CRA,,
What was the return percentage and the total net asset value of CPP Investments for the third quarter?,CRA,,
What key factors should be considered about Individual Pension Plans (IPPs) prior to investment?,Reddit,,
Advice needed for TFSA Portfolio as RRSP is maxed out.,CRA,,
What are the risks associated with investing in mutual funds?,OSC,,
Is there any obligation for a Canadian estate to pay to an IRA (Individual Retirement Account) following the death of a Canadian individual who held US stocks in their portfolio?,CRA,,
Are there Environmentally Conscious Exchange-Traded Funds (ETFs) available in Canada?,Reddit,,
What is important to know about out-of-country travel medical insurance prior to making an investment?,Reddit,,
What factors related to life events should be considered before making an investment?,Reddit,,
Should travel expenses be made using Amex Cobalt or Wealthsimple Visa Card?,Reddit,,
What impact does a market bubble have on a retail investor?,Reddit,,
What is the impact of growth investment strategies on retail investors?,Reddit,,
"At what age should an individual aged 35, who has invested 100% of their Tax-Free Savings Account (TFSA) in XEQT, consider reducing their risk tolerance and starting to move towards bonds?",CRA,,
Does RBC have high fees for self-directed investing?,Reddit,,
What are the key differences between Active and Passive investment strategies before making an investment decision in Canada?,Reddit,,
How should one determine their investment strategy prior to investing?,CRA,,
How does loss aversion impact a retail investor?,Reddit,,
Millionaire homeowners struggling in retirement due to insufficient savings despite substantial home equity,Reddit,,
How does the time horizon impact investment goals for a retail investor?,Reddit,,
What is the impact of budgeting during retirement on a retail investor?,Reddit,,
Comparison between VFV and QQC from iShares versus VEQT from Vanguard in terms of return,Reddit,,
Is it advisable to take out a mortgage when Tax-Free Savings Account (TFSA) and Registered Retirement Savings Plan (RRSP) are already maxed out?,CRA,,
"Comparing XEQT, VEQT, and QQQ: Which has a better return on investment?",Reddit,,
What is the impact of tracking investing returns on a retail investor?,Reddit,,
"Is the S&P 500 a suitable investment option for an individual averse to high risk, given that they have additional funds?",Reddit,,
Is there a Smart or Recency Bias when investing in VEQT and VFV?,Reddit,,
What are the three essential responsibilities to consider before making an investment?,CRA,,
What essential information should be considered before investing in Guaranteed Investment Certificates (GICs) in Canada?,Reddit,,
"What are the influences of trading apps on investment behavior, specifically nudges prior to investing?",Reddit,,
Does the VFV dividend match the S&P 500 dividend?,Reddit,,
Should I contribute to a Registered Retirement Savings Plan (RRSP) or not?,CRA,,
How do behavioral biases impact a retail investor during market bubbles?,Reddit,,
Is the official Tax-Free Savings Account (TFSA) contribution room for the year 2024 $7000?,CRA,,
Our experience opening an FHSA: Yikes,CRA,,
What is the impact of a pension plan on a retail investor?,Reddit,,
"Is there a debate on high-interest ETFs among Bay Street participants, which have gained popularity among retail investors, leading to a federal review?",Reddit,,
"Does home insurance have an impact on the financial investments of a retail investor, and if so, how and why?",Reddit,,
How does the power of attorney impact a retail investor?,Reddit,,
What is the importance and relevant information to consider about community outreach when making investment decisions?,Reddit,,
Recommendations for pairing investments with the ETF VFV (iShares S&P/TSX 60 Index)?,Reddit,,
What is the impact of tracking one's investment returns on a retail investor?,Reddit,,
What information should I expect when working with a financial advisor prior to investment?,OSC,,
What is essential to understand about trailing commissions prior to investment?,Reddit,,
How does 'Gaming the System' influence a Retail Investor in Online Trading?,Reddit,,
What is the impact of the 'Take the Love and Money Quiz' on a retail investor?,Reddit,,
"What risks should I consider before investing, specifically concerning the relationship between volatility and investment risk?",Reddit,,
What factors should be considered about family and friends prior to making investments?,Reddit,,
What is a cost-effective and low/no-risk method for converting USD to CAD?,Reddit,,
Does the cash flow of small businesses impact the investments of retail investors?,Reddit,,
Does Wealthsimple offer a wider bid-ask spread for VEQT compared to XEQT?,Reddit,,
What key points should be considered about research and reports prior to making an investment?,Reddit,,
Is there any advantage to contributing to an RRSP if one expects to be in a high tax bracket upon retirement?,CRA,,
What is the impact on a retail investor when closing a bank account?,Reddit,,
Is it advisable to purchase the ETF 'VFV' within a Registered Retirement Savings Plan (RRSP) account?,CRA,,
Is Wealthsimple's Chequing Account used as a credit card?,Reddit,,
What are the key considerations for prioritizing one's own interests when making investment decisions?,Reddit,,
What impact does 'Take the Stress Out of Budgeting' have on a Retail Investor?,Reddit,,
Is it advisable to open a First Home Savings Account (FHSA) if one is not planning on purchasing a home?,CRA,,
What is the impact of checking account operations on a retail investor?,Reddit,,
Does the CRA (Canada Revenue Agency) My Account provide 2025 FHSA (First Home Savings Account) participation room statements?,CRA,,
What key questions should one consider before making an investment?,Reddit,,
What information should be expected during a first meeting before investing in Canada?,Reddit,,
What is the impact of spending more than earning on a retail investor?,Reddit,,
Comparison between Wealthsimple and Major Canadian Banks for Investment Services,Reddit,,
Is there a specific question related to foreign stock investments on a Canadian tax return?,CRA,,
What are the essential elements of an Investment Policy Statement (IPS) prior to investing?,Reddit,,
Can stocks be sold before the end of a year to qualify for tax-free capital gains in Canada?,CRA,,
"Is holding multiple ETFs such as VDY, VFV, and XEQT excessively diversified for personal finance and investing?",Reddit,,
What is the impact of an executor on a retail investor's portfolio?,Reddit,,
Explain in layman's terms the difference between Wealthsimple Direct Indexing and a passive ETF such as VFV,Reddit,,
What are essential factors to consider about bank accounts prior to making an investment?,Reddit,,
What is the impact of long-term care planning on a retail investor?,Reddit,,
Under what circumstances might a change in risk profile impact my investment decisions?,Reddit,,
What key factors should be considered in financial preparation for retirement prior to investing?,Reddit,,
The individual is about to inherit a significant amount of money.,Reddit,,
Is Wealthsimple Tax considered good for personal tax filing?,Reddit,,
Is it possible to verify if a financial advisor is properly registered in Canada?,OSC,,
What is the impact of self-management on a retail investor's financial performance?,Reddit,,
What is the impact of checking one's knowledge about cryptocurrency on a retail investor?,Reddit,,
What is the impact of the risk-return relationship on investment decisions?,Reddit,,
What is the impact of preparing for financial emergencies on a retail investor?,Reddit,,
"What is the best low-risk investment option for a Canadian resident to put $17,000 into for one year?",Reddit,,
What is the impact of a Tax-Free Savings Account (TFSA) on a retail investor?,CRA,,
What risks should I consider before investing in actively managed ETFs?,Reddit,,
Is it possible to sell VOO shares held within a Tax-Free Savings Account (TFSA) and purchase VFV shares without incurring a penalty?,CRA,,
What are the key points to consider when making it simpler to accumulate funds prior to investment?,Reddit,,
"What is the optimal frequency for buying stocks when automating contributions to TD Direct Investing XEQT in a TFSA account, given a trading fee of approximately $10 per transaction?",CRA,,
Is it more common than previously thought for Canadians to retire with little savings?,Reddit,,
What is the role and importance of a Trusted Contact Person for a retail investor in Canada?,Reddit,,
How does giving financial advice on social media impact a retail investor?,Reddit,,
"What is the financial impact on retirement savings (RRSP) for an individual with a salary jump from $80,000 to $200,000, no existing RRSP funds, and $42,000 in student debt?",CRA,,
How can one minimize Sequence of Returns Risk near retirement in personal finance and investing?,Reddit,,
Should a Federal Home Savings Account (FHSA) be used for stock investments?,CRA,,
"Is purchasing a condo currently considered a poor investment, as suggested by the article?",Reddit,,
How does the approach of asking questions and then asking more questions impact a retail investor?,Reddit,,
I want to start investing in stocks (Canadian context),Reddit,,
"How relevant is a 20% Global ETF and 80% Bond portfolio today, in terms of personal finance and investing?",Reddit,,
What are the consequences of exceeding the contribution limit for Federal Home Savings Account (FHSA) tax deductions?,CRA,,
What factors should be considered when comparing investment products and services in Canada?,Reddit,,
"What risks should I consider before investing, given my risk profile?",Reddit,,
How does understanding cryptocurrency trading platforms impact a retail investor?,Reddit,,
Transferring Stocks from a Non-Registered Account to a Tax-Free Savings Account (TFSA),CRA,,
"At age 18, should one choose a Federal Home Savings Account (FHSA) over a Tax-Free Savings Account (TFSA)?",CRA,,
What are the costs associated with LSIFs (Liquefied Natural Gas Infrastructure Funds) that an investor should consider before investing?,Reddit,,
What aspects of transparency are important to consider before making an investment in Canada?,Reddit,,
What key points should investors consider regarding the DSC ban prior to investment?,Reddit,,
"What should one consider when budgeting for the first time while living independently, prior to investing?",Reddit,,
What should an investor consider when considering investment product and service recommendations prior to investing?,Reddit,,
Should I switch from a sector fund to XEQT (iShares Core S&P Total U.S. Stock Market ETF) or North American Value Fund?,Reddit,,
What are the thoughts on a high-risk investment strategy for a $700k inheritance managed by an individual with a high risk tolerance (aged 27)?,Reddit,,
Which specific stocks should I consider investing in? Could you explain the process for determining which stocks to buy? My current knowledge is limited to investments such as XEQT and XGRO.,Reddit,,
Should a parent choose between purchasing life insurance or contributing to a Tax-Free Savings Account (TFSA) for their child?,CRA,,
