id,source,cleaned_question,question_type,source_url,evidence_text,evidence_status,evidence_notes
1,Reddit,Is it difficult not to experience a fear of missing out (FOMO) when considering real estate investment opportunities in Canada?,factual,https://www.reddit.com/r/PersonalFinanceCanada/comments/14zgzkq/its_hard_not_to_feel_fomo_on_real_estate/,It's hard not to feel FOMO on real estate investing in Canada.,found,The title of the post directly addresses the question and implies that it is difficult not to experience a fear of missing out on real estate investment opportunities in Canada.
7,Reddit,What information is important to know about Get Smarter About Trading before making an investment?,factual,https://www.reddit.com/r/PersonalFinanceCanada/comments/1lv8w67/how_can_i_learn_to_properly_research_stocks/,Before you would choose to invest in or overweight a stock or sector you should know why you are confident that it will exceed the market's ...,found,"This text provides information on what to consider before making an investment, which is relevant to evaluating Get Smarter About Trading."
11,Reddit,What are the consequences of only investing at market peaks?,factual,https://www.reddit.com/r/PersonalFinanceCanada/comments/1jt5rg5/i_think_we_all_need_this_reminder_right_now_what/,"So had the market not crashed, would you still be investing this extra money?",found,This text directly addresses the consequences of only investing at market peaks by considering an alternative scenario.
12,Reddit,What are important factors to consider before investing in Digital Tokens?,factual,https://www.reddit.com/r/PersonalFinanceCanada/comments/qkoqpf/should_crypto_be_part_of_my_portfolio/,"Thanks to you guys, I started investing one year ago and have around 110k in my TFSA and RRSP.",insufficient,This text does not directly address the question of factors to consider before investing in Digital Tokens.
15,Reddit,What impact does reviewing an estate plan have on a retail investor?,factual,https://www.reddit.com/r/PersonalFinanceCanada/comments/15c7sfg/do_you_use_a_financial_advisor_and_if_so_why_and/,helping setup your estate planning,found,"This text directly mentions the impact of reviewing an estate plan on a retail investor, specifically that a financial advisor can help with it."
16,Reddit,"What does the statement 'You're young, you can tolerate more risk' mean in the context of personal finance and investing?",factual,https://www.reddit.com/r/PersonalFinanceCanada/comments/f22sfa/theres_a_big_difference_aiming_for_financial/,"Generally speaking, the greater the risk... the greater your potential reward and vice versa.",found,"This text directly supports the idea that risk and reward are related, which is the underlying concept of the statement 'You're young, you can tolerate more risk'."
19,Reddit,What is the impact of overconfidence bias on financial decisions prior to investing?,factual,https://www.reddit.com/r/PersonalFinanceCanada/comments/cltx49/investing_help_seems_to_ignore_major_life/,"What I’ve learnt over the last 20 years of saving and investing is that life changing decisions such as getting kids, education, buying real estate or moving to a different country gets substantially easier if you have solid savings.",found,"This text suggests that having solid savings can make life-changing decisions easier, which implies that overconfidence bias may not be a significant factor in financial decisions prior to investing, as having a solid financial foundation can reduce stress and anxiety associated with major life decisions."
24,Reddit,What is the impact of research and reports on a retail investor?,factual,https://www.reddit.com/r/PersonalFinanceCanada/comments/1tcaywa/feeling_skeptical_re_bonds_are_they_still_a_good/,"But most retail investors get access to bonds via bond ETFs. If you ... Similarly, Ben Felix cites research that bonds are a drag on long term ...",found,"This text directly mentions the impact of research on retail investors, specifically in the context of bonds."
28,Reddit,What is the impact of family and friends on a retail investor in Canada?,factual,https://www.reddit.com/r/PersonalFinanceCanada/comments/wab35v/how_important_is_your_circle_of_friends_in/,TLDR: can your circle of friends have a positive or negative impact on your financial success or is it all up to the individual regardless of ...,found,This source directly addresses the question of whether a retail investor's circle of friends can have a positive or negative impact on their financial success.
29,Reddit,What key information is essential to understand about how annuities function before making an investment?,factual,https://www.reddit.com/r/PersonalFinanceCanada/comments/nk2wx1/pros_and_cons_of_fixed_income_annuities_for/,"Essentially, the retiree who purchased the annuity would be earning less inflation adjusted income in 5-7 years when compared to the retiree who relied on capital gains and dividends.",found,"This text directly addresses the functioning of annuities and their potential impact on inflation-adjusted income, making it relevant to understanding how annuities function before making an investment."
35,Reddit,What is the impact of regularly reviewing account statements on a retail investor?,factual,https://www.reddit.com/r/PersonalFinanceCanada/comments/l84mht/how_to_obtain_old_bank_statements_or_transaction/,"Another thing which is the account holder's responsibility is to regularly check your statements (paper, or online transaction log) to report any discrepancies or issues promptly.",found,"This text directly addresses the importance of regularly reviewing account statements, which is relevant to the question about the impact of regularly reviewing account statements on a retail investor."
46,Reddit,What is important to know about out-of-country travel medical insurance prior to making an investment?,factual,https://www.reddit.com/r/PersonalFinanceCanada/comments/1dfukib/do_you_need_travel_insurance_if_you_have_it/,"However, generally speaking out of province or out of country travel medical insurance should already be included in your benefits if you work for an employer with a decent benefits plan.",found,This text directly addresses the importance of checking benefits prior to making an investment in out-of-country travel medical insurance.
49,Reddit,What impact does a market bubble have on a retail investor?,factual,https://www.reddit.com/r/PersonalFinanceCanada/comments/ktsu9n/should_i_go_all_in_on_vgro/,At this point I feel like i'm over thinking investing and maybe I should just go all in and put 100% into VGRO until the market correction (bubble bursting) then try my luck with individual stocks and or bitcoin.,found,"This text directly mentions a market correction and bubble bursting, which is relevant to the impact of a market bubble on a retail investor."
50,Reddit,What is the impact of growth investment strategies on retail investors?,factual,https://www.reddit.com/r/PersonalFinanceCanada/comments/1dis22l/growth_investing_vs_income_investing/,"There isn't much money in boring index funds, and savvy investors like you don't want to pay ridiculous fees for mutual funds, so banks and brokerages keep coming up with highly profitable investment products.",found,"This text discusses growth investing and implies that it can be more profitable than other investment options, which is relevant to the question about the impact of growth investment strategies on retail investors."
53,Reddit,What are the key differences between Active and Passive investment strategies before making an investment decision in Canada?,factual,https://www.reddit.com/r/PersonalFinanceCanada/comments/1ht5c23/canada_prefers_active_management/,Understanding that passive funds out perform active ones there is still a lot of nuance in which specific funds people have their money in when it comes to Canada.,found,"This text suggests that while passive funds may outperform active ones, there are nuances to consider in the Canadian context, which could imply differences between active and passive investment strategies in Canada."
62,Reddit,What is the impact of tracking investing returns on a retail investor?,factual,https://www.reddit.com/r/PersonalFinanceCanada/comments/1sfvr7v/tracking_acb_for_individual_stocks/,"2: an interest distribution which is not reinvested does not impact the cost base of the investment, and should therefore not be tracked.",found,"This text directly addresses the impact of tracking investing returns on a retail investor, specifically mentioning that an interest distribution not reinvested does not impact the cost base of the investment."
64,Reddit,Is there a Smart or Recency Bias when investing in VEQT and VFV?,factual,https://www.reddit.com/r/PersonalFinanceCanada/comments/1doc3yb/why_xeqtveqt_over_vfv/,Smart Beta and Recency Bias are two of the main reasons I'd choose XEQT over VEQT.,found,"This text directly mentions Smart Beta and Recency Bias, which are relevant to the question."
67,Reddit,"What are the influences of trading apps on investment behavior, specifically nudges prior to investing?",factual,https://www.reddit.com/r/PersonalFinanceCanada/comments/s1ou2j/which_stock_platform_do_you_use_2022_edition/,Probably mostly because of the $5 commission for every transaction which adds up if you are day trading.,found,"This text directly mentions a nudge prior to investing, specifically the $5 commission for every transaction, which can influence investment behavior."
73,Reddit,What is the impact of a pension plan on a retail investor?,factual,https://www.reddit.com/r/PersonalFinanceCanada/comments/1lye2pb/is_db_pension_really_worth_it/,When I retire in a year my indexed DB pension plan will pay me $112k annually and increasing by about 2.5% per year after that.,found,"This text directly mentions the impact of a pension plan on a retail investor, specifically the annual payment and its increase rate."
77,Reddit,What is the importance and relevant information to consider about community outreach when making investment decisions?,factual,https://www.reddit.com/r/PersonalFinanceCanada/comments/qikw22/watch_out_for_mlm_financial_services_companies/,"These companies are growing fast and new MLM financial services companies are popping up. What is sad is that the agents are trained to sell products that are over priced under performing, 80% of there training consists of recruiting and the other 20% on how to sell there over priced products, they are not well trained at all.",found,"This text discusses the potential issues with community outreach in the context of financial services companies, specifically highlighting the training methods of MLM companies."
79,Reddit,What is the impact of tracking one's investment returns on a retail investor?,factual,https://www.reddit.com/r/PersonalFinanceCanada/comments/dzs299/investment_tracking/,"Essentially I want to know how my investments are doing with a separation of capital gains vs dividends and growth from those vs new contributions. That, I'm assuming, is what any investor would want as a minimum.",found,"This source directly addresses the impact of tracking one's investment returns, specifically mentioning the separation of capital gains vs dividends and growth from those vs new contributions."
81,Reddit,What is essential to understand about trailing commissions prior to investment?,factual,,,insufficient,No search results found.
83,Reddit,What is the impact of the 'Take the Love and Money Quiz' on a retail investor?,factual,https://www.reddit.com/r/PersonalFinanceCanada/comments/qv8t6p/at_what_point_do_you_hire_someone_to_invest_your/,"A typical advisor will cost 1%, so on 200k they make 2k off of you each year. This only grows as your investment grows.",found,"This text directly mentions the cost of hiring an advisor, which is relevant to the impact of the 'Take the Love and Money Quiz' on a retail investor."
86,Reddit,What is a cost-effective and low/no-risk method for converting USD to CAD?,factual,https://www.reddit.com/r/PersonalFinanceCanada/comments/1n65jbt/cost_effective_lownorisk_usd_to_cdn_currency/,"Perform Norbert's Gambit. Buy DLR.U in USD, journal it to DLR, sell it and the proceeds will be in CAD in the Canadian dollar investment sub",found,"This text directly mentions a cost-effective method for converting USD to CAD, specifically Norbert's Gambit."
91,Reddit,What is the impact on a retail investor when closing a bank account?,factual,https://www.reddit.com/r/PersonalFinanceCanada/comments/97kczz/pulling_funds_from_bmo_investorline_closing/,"So after several phone calls and emails, BMO Investorline has advised that if we want to withdraw funds from our account we have 2 options: 1) open a checking account with them and transfer the $$ to our checking account 2) request a paper check to be issued and incur the admin fee for each check issued.",found,"This text directly addresses the impact on a retail investor when closing a bank account, specifically mentioning fees associated with withdrawing funds."
94,Reddit,What are the key considerations for prioritizing one's own interests when making investment decisions?,factual,https://www.reddit.com/r/PersonalFinanceCanada/comments/15xslix/how_should_i_be_prioritizing_investment_accounts/,"My goal is to save for a down payment on a starter condo within the next one to two years. To achieve this, I’ve opened three different investment accounts: FHSA, TFSA, and RRSP.",found,"This text directly mentions prioritizing investment accounts for a specific goal, which aligns with the question about prioritizing one's own interests when making investment decisions."
95,Reddit,What impact does 'Take the Stress Out of Budgeting' have on a Retail Investor?,factual,https://www.reddit.com/r/PersonalFinanceCanada/comments/owe9xz/does_anybody_else_not_budget_and_track_expenses/,"Edit: the investment/saving target is always hit, it comes out of my account the same day I get paid.",found,"This text suggests that the user has successfully budgeted and invested their money, which implies that 'Take the Stress Out of Budgeting' has a positive impact on a Retail Investor."
97,Reddit,What is the impact of checking account operations on a retail investor?,factual,https://www.reddit.com/r/PersonalFinanceCanada/comments/136l6t3/cc_and_loc_with_bmo_is_it_worth_keepin/,The BMO chequing account I have has a fee of $16.xx per month if I have a balance of less than $4000.,found,"This text directly mentions the impact of checking account operations on a retail investor, specifically the fee associated with maintaining a low balance in a BMO chequing account."
101,Reddit,What is the impact of spending more than earning on a retail investor?,factual,https://www.reddit.com/r/PersonalFinanceCanada/comments/1cfj5ll/why_do_people_make_financial_decisions_based_on/,If you are too poor after investing too much you might just be spending more than what you earn.,found,This text directly addresses the impact of spending more than earning on a retail investor.
104,Reddit,What are the essential elements of an Investment Policy Statement (IPS) prior to investing?,factual,https://www.reddit.com/r/PersonalFinanceCanada/comments/qat84u/new_employer_requiring_i_transfer_my_investments/,"In reading through some of their policies HR sent me, it requires me to have duplicate statements sent to their compliance department and for me to transfer all of my IIROC accounts to an advisor with their company.",found,"This text directly mentions the requirements of an employer for investment policy, specifically the need for duplicate statements and account transfers."
109,Reddit,What are essential factors to consider about bank accounts prior to making an investment?,factual,https://www.reddit.com/r/PersonalFinanceCanada/comments/11phxla/opening_first_tfsa_wealthsimple_vs_big_banks/,"A direct investing account with your regular bank will make it easier to move money around, but the fees may be higher than an online brokerage. Check what the fees are and decide which works better for you.",found,"This text directly addresses the fees associated with bank accounts, which is relevant to considering essential factors prior to making an investment."
110,Reddit,What is the impact of long-term care planning on a retail investor?,factual,https://www.reddit.com/r/PersonalFinanceCanada/comments/1pgbqgh/term_vs_whole_life_what_to_choose/,"From 30+ years out, value of your investment exceeds the whole life insurance payout, so money is there for death expenses. And if you live to ...",found,"This text discusses the long-term value of investments, which is relevant to the impact of long-term care planning on a retail investor."
116,Reddit,What is the impact of self-management on a retail investor's financial performance?,factual,https://www.reddit.com/r/PersonalFinanceCanada/comments/18yo69v/tangerine_funds_vs_selfdirected_etf_via/,"The total annual management cost would be about $70 per $10,000 invested. This compares to $107 per $10,000 invested for the Core mutual funds or $20 per $10,000 for an asset allocation ETF.",found,"This text directly compares the management costs of self-directed ETFs and mutual funds, providing a specific fact that supports the question about the impact of self-management on a retail investor's financial performance."
117,Reddit,What is the impact of checking one's knowledge about cryptocurrency on a retail investor?,factual,https://www.reddit.com/r/PersonalFinanceCanada/comments/1ilxee6/what_implication_will_the_majority_investing_in/,... checking on their financials every once in a while to ensure efficiency. Essentially we retail investors have to make a bet on which one of ...,found,"This text discusses the responsibility of retail investors to monitor their investments, which can be seen as a form of checking their knowledge about cryptocurrency."
118,Reddit,What is the impact of the risk-return relationship on investment decisions?,factual,https://www.reddit.com/r/PersonalFinanceCanada/comments/jcw1of/can_you_actually_loose_money_with_an_resp/,"As with any investment, the higher the risk, the greater the potential return. On the flip side, if things go particularly bad, the higher the risk again, the more you can lose.",found,"This text directly addresses the risk-return relationship, stating that higher risk leads to greater potential return and increased potential loss."
119,Reddit,What is the impact of preparing for financial emergencies on a retail investor?,factual,https://www.reddit.com/r/PersonalFinanceCanada/comments/yxstv5/lets_talk_about_emergency_funds/,"Your emergency funds actually give you money. Because it will prevent you from selling your investments , even when they all go down, in case of ...",found,"This text directly supports the question by explaining the impact of preparing for financial emergencies on a retail investor, specifically that it prevents them from selling their investments during a market downturn."
120,Reddit,"What is the best low-risk investment option for a Canadian resident to put $17,000 into for one year?",factual,https://www.reddit.com/r/PersonalFinanceCanada/comments/14fw5gr/investment_options_in_canada/,"For self-directed investing, all in one ETFs (based on your risk tolerance) are the easiest and low cost options for a globally diversified ETF portfolio.",found,"This text directly addresses the question by suggesting a low-risk investment option for a Canadian resident, specifically mentioning ETFs as a suitable choice."
124,Reddit,What are the key points to consider when making it simpler to accumulate funds prior to investment?,factual,https://www.reddit.com/r/PersonalFinanceCanada/comments/1ph2drv/investment_advice_for_a_complete_beginner/,"Second, you should build an emergency fund. It's usually recommended to keep 3 to 6 months' worth of expenses in a high-interest savings account.",found,"This text directly addresses the importance of building an emergency fund, which is a key point to consider when making it simpler to accumulate funds prior to investment."
127,Reddit,What is the role and importance of a Trusted Contact Person for a retail investor in Canada?,factual,https://www.reddit.com/r/PersonalFinanceCanada/comments/1dx2fwh/trusted_contact_person/,Apparently it was originated by Canadian Securities Administrators. Has anyone been contacted by their broker requiring you to give them a name?,found,"This source directly mentions the Trusted Contact Person, which is relevant to the question about its role and importance for a retail investor in Canada."
137,Reddit,What factors should be considered when comparing investment products and services in Canada?,factual,https://www.reddit.com/r/PersonalFinanceCanada/comments/1ht5c23/canada_prefers_active_management/,"Canada has a unique investment distribution network structure, dominated by a few large players (notably, the banks). The big 6 all own their own investment arms.",found,"This text directly addresses the factors to consider when comparing investment products and services in Canada, specifically mentioning the dominance of a few large players in the investment distribution network."
142,Reddit,What are the costs associated with LSIFs (Liquefied Natural Gas Infrastructure Funds) that an investor should consider before investing?,factual,https://www.reddit.com/r/PersonalFinanceCanada/comments/9kjcs9/what_should_i_do_with_my_agf_mutual_funds/,Compare the expected performance of the funds and the MERs and see if the $130 is worth it.,found,"This text directly mentions MERs (Management Expense Ratios), which are costs associated with investment funds like LSIFs."
143,Reddit,What aspects of transparency are important to consider before making an investment in Canada?,factual,https://www.reddit.com/r/PersonalFinanceCanada/comments/1r1p42y/1m_windfall/,"The lack of fee transparency in Canada has been the key driver for this delivery model, and we're only now implementing CRM3 which will finally ...",found,"This text directly addresses the importance of transparency in investment decisions in Canada, specifically mentioning the lack of fee transparency and the implementation of CRM3."
